
  .   ____          _            __ _ _
 /\\ / ___'_ __ _ _(_)_ __  __ _ \ \ \ \
( ( )\___ | '_ | '_| | '_ \/ _` | \ \ \ \
 \\/  ___)| |_)| | | | | || (_| |  ) ) ) )
  '  |____| .__|_| |_|_| |_\__, | / / / /
 =========|_|==============|___/=/_/_/_/

 :: Spring Boot ::                (v4.0.1)

2026-05-20T17:40:39.838+05:30  INFO 45004 --- [traveller-service] [           main] c.t.t.TravellerServiceApplication        : Starting TravellerServiceApplication v0.0.1-SNAPSHOT using Java 21.0.10 with PID 45004 (C:\Users\rgupta73\Documents\Hotel Reservation System\Code\traveller-service\build\libs\traveller-service-0.0.1-SNAPSHOT.jar started by rgupta73 in C:\Users\rgupta73\Documents\Hotel Reservation System\Code\traveller-service)
2026-05-20T17:40:39.862+05:30  INFO 45004 --- [traveller-service] [           main] c.t.t.TravellerServiceApplication        : No active profile set, falling back to 1 default profile: "default"
2026-05-20T17:40:43.040+05:30  INFO 45004 --- [traveller-service] [           main] .s.d.r.c.RepositoryConfigurationDelegate : Bootstrapping Spring Data JPA repositories in DEFAULT mode.
2026-05-20T17:40:43.666+05:30  INFO 45004 --- [traveller-service] [           main] .s.d.r.c.RepositoryConfigurationDelegate : Finished Spring Data repository scanning in 585 ms. Found 32 JPA repository interfaces.
2026-05-20T17:40:45.388+05:30  INFO 45004 --- [traveller-service] [           main] o.s.boot.tomcat.TomcatWebServer          : Tomcat initialized with port 8080 (http)
2026-05-20T17:40:45.425+05:30  INFO 45004 --- [traveller-service] [           main] o.apache.catalina.core.StandardService   : Starting service [Tomcat]
2026-05-20T17:40:45.426+05:30  INFO 45004 --- [traveller-service] [           main] o.apache.catalina.core.StandardEngine    : Starting Servlet engine: [Apache Tomcat/11.0.15]
2026-05-20T17:40:45.502+05:30  INFO 45004 --- [traveller-service] [           main] b.w.c.s.WebApplicationContextInitializer : Root WebApplicationContext: initialization completed in 5418 ms
2026-05-20T17:40:46.072+05:30  INFO 45004 --- [traveller-service] [           main] org.hibernate.orm.jpa                    : HHH008540: Processing PersistenceUnitInfo [name: default]
2026-05-20T17:40:46.356+05:30  INFO 45004 --- [traveller-service] [           main] org.hibernate.orm.core                   : HHH000001: Hibernate ORM core version 7.2.0.Final
2026-05-20T17:40:48.147+05:30  INFO 45004 --- [traveller-service] [           main] o.s.o.j.p.SpringPersistenceUnitInfo      : No LoadTimeWeaver setup: ignoring JPA class transformer
2026-05-20T17:40:48.281+05:30  INFO 45004 --- [traveller-service] [           main] com.zaxxer.hikari.HikariDataSource       : HikariPool-1 - Starting...
2026-05-20T17:40:50.437+05:30  INFO 45004 --- [traveller-service] [           main] com.zaxxer.hikari.pool.HikariPool        : HikariPool-1 - Added connection org.postgresql.jdbc.PgConnection@3879feec
2026-05-20T17:40:50.440+05:30  INFO 45004 --- [traveller-service] [           main] com.zaxxer.hikari.HikariDataSource       : HikariPool-1 - Start completed.
2026-05-20T17:40:50.645+05:30  WARN 45004 --- [traveller-service] [           main] org.hibernate.orm.deprecation            : HHH90000025: PostgreSQLDialect does not need to be specified explicitly using 'hibernate.dialect' (remove the property setting and it will be selected by default)
2026-05-20T17:40:50.967+05:30  INFO 45004 --- [traveller-service] [           main] org.hibernate.orm.connections.pooling    : HHH10001005: Database info:
	Database JDBC URL [jdbc:postgresql://db.hizprgnbtsomiucqwull.supabase.co:5432/postgres?sslmode=require]
	Database driver: PostgreSQL JDBC Driver
	Database dialect: PostgreSQLDialect
	Database version: 17.6
	Default catalog/schema: postgres/public
	Autocommit mode: undefined/unknown
	Isolation level: READ_COMMITTED [default READ_COMMITTED]
	JDBC fetch size: none
	Pool: DataSourceConnectionProvider
	Minimum pool size: undefined/unknown
	Maximum pool size: undefined/unknown
2026-05-20T17:40:54.231+05:30  INFO 45004 --- [traveller-service] [           main] org.hibernate.orm.core                   : HHH000489: No JTA platform available (set 'hibernate.transaction.jta.platform' to enable JTA platform integration)
2026-05-20T17:40:54.968+05:30 DEBUG 45004 --- [traveller-service] [           main] org.hibernate.SQL                        : 
    alter table if exists emergency_contacts 
       add column hotel_id bigint
2026-05-20T17:40:55.096+05:30 DEBUG 45004 --- [traveller-service] [           main] org.hibernate.SQL                        : 
    alter table if exists emergency_contacts 
       add column label varchar(255)
2026-05-20T17:40:55.485+05:30 DEBUG 45004 --- [traveller-service] [           main] org.hibernate.SQL                        : 
    create index idx_host_kyc_id 
       on host_documents (host_kyc_id)
2026-05-20T17:40:55.571+05:30  WARN 45004 --- [traveller-service] [           main] o.h.t.s.i.ExceptionHandlerLoggedImpl     : GenerationTarget encountered exception accepting command : Error executing DDL "
    create index idx_host_kyc_id 
       on host_documents (host_kyc_id)" via JDBC [ERROR: relation "idx_host_kyc_id" already exists]

org.hibernate.tool.schema.spi.CommandAcceptanceException: Error executing DDL "
    create index idx_host_kyc_id 
       on host_documents (host_kyc_id)" via JDBC [ERROR: relation "idx_host_kyc_id" already exists]
	at org.hibernate.tool.schema.internal.exec.GenerationTargetToDatabase.accept(GenerationTargetToDatabase.java:81) ~[hibernate-core-7.2.0.Final.jar!/:7.2.0.Final]
	at org.hibernate.tool.schema.internal.AbstractSchemaMigrator.applySqlString(AbstractSchemaMigrator.java:566) ~[hibernate-core-7.2.0.Final.jar!/:7.2.0.Final]
	at org.hibernate.tool.schema.internal.AbstractSchemaMigrator.applySqlStrings(AbstractSchemaMigrator.java:506) ~[hibernate-core-7.2.0.Final.jar!/:7.2.0.Final]
	at org.hibernate.tool.schema.internal.AbstractSchemaMigrator.applyIndexes(AbstractSchemaMigrator.java:351) ~[hibernate-core-7.2.0.Final.jar!/:7.2.0.Final]
	at org.hibernate.tool.schema.internal.GroupedSchemaMigratorImpl.performTablesMigration(GroupedSchemaMigratorImpl.java:96) ~[hibernate-core-7.2.0.Final.jar!/:7.2.0.Final]
	at org.hibernate.tool.schema.internal.AbstractSchemaMigrator.performMigration(AbstractSchemaMigrator.java:220) ~[hibernate-core-7.2.0.Final.jar!/:7.2.0.Final]
	at org.hibernate.tool.schema.internal.AbstractSchemaMigrator.doMigration(AbstractSchemaMigrator.java:96) ~[hibernate-core-7.2.0.Final.jar!/:7.2.0.Final]
	at org.hibernate.tool.schema.spi.SchemaManagementToolCoordinator.performDatabaseAction(SchemaManagementToolCoordinator.java:269) ~[hibernate-core-7.2.0.Final.jar!/:7.2.0.Final]
	at org.hibernate.tool.schema.spi.SchemaManagementToolCoordinator.lambda$process$1(SchemaManagementToolCoordinator.java:101) ~[hibernate-core-7.2.0.Final.jar!/:7.2.0.Final]
	at java.base/java.util.HashMap.forEach(HashMap.java:1429) ~[na:na]
	at org.hibernate.tool.schema.spi.SchemaManagementToolCoordinator.process(SchemaManagementToolCoordinator.java:100) ~[hibernate-core-7.2.0.Final.jar!/:7.2.0.Final]
	at org.hibernate.boot.internal.SessionFactoryObserverForSchemaExport.sessionFactoryCreated(SessionFactoryObserverForSchemaExport.java:35) ~[hibernate-core-7.2.0.Final.jar!/:7.2.0.Final]
	at org.hibernate.internal.SessionFactoryObserverChain.sessionFactoryCreated(SessionFactoryObserverChain.java:33) ~[hibernate-core-7.2.0.Final.jar!/:7.2.0.Final]
	at org.hibernate.internal.SessionFactoryImpl.<init>(SessionFactoryImpl.java:323) ~[hibernate-core-7.2.0.Final.jar!/:7.2.0.Final]
	at org.hibernate.internal.SessionFactoryRegistry.instantiateSessionFactory(SessionFactoryRegistry.java:64) ~[hibernate-core-7.2.0.Final.jar!/:7.2.0.Final]
	at org.hibernate.boot.internal.SessionFactoryBuilderImpl.build(SessionFactoryBuilderImpl.java:437) ~[hibernate-core-7.2.0.Final.jar!/:7.2.0.Final]
	at org.hibernate.jpa.boot.internal.EntityManagerFactoryBuilderImpl.build(EntityManagerFactoryBuilderImpl.java:1456) ~[hibernate-core-7.2.0.Final.jar!/:7.2.0.Final]
	at org.springframework.orm.jpa.vendor.SpringHibernateJpaPersistenceProvider.createContainerEntityManagerFactory(SpringHibernateJpaPersistenceProvider.java:66) ~[spring-orm-7.0.2.jar!/:7.0.2]
	at org.springframework.orm.jpa.LocalContainerEntityManagerFactoryBean.createNativeEntityManagerFactory(LocalContainerEntityManagerFactoryBean.java:433) ~[spring-orm-7.0.2.jar!/:7.0.2]
	at org.springframework.orm.jpa.AbstractEntityManagerFactoryBean.buildNativeEntityManagerFactory(AbstractEntityManagerFactoryBean.java:416) ~[spring-orm-7.0.2.jar!/:7.0.2]
	at org.springframework.orm.jpa.AbstractEntityManagerFactoryBean.afterPropertiesSet(AbstractEntityManagerFactoryBean.java:396) ~[spring-orm-7.0.2.jar!/:7.0.2]
	at org.springframework.orm.jpa.LocalContainerEntityManagerFactoryBean.afterPropertiesSet(LocalContainerEntityManagerFactoryBean.java:409) ~[spring-orm-7.0.2.jar!/:7.0.2]
	at org.springframework.beans.factory.support.AbstractAutowireCapableBeanFactory.invokeInitMethods(AbstractAutowireCapableBeanFactory.java:1864) ~[spring-beans-7.0.2.jar!/:7.0.2]
	at org.springframework.beans.factory.support.AbstractAutowireCapableBeanFactory.initializeBean(AbstractAutowireCapableBeanFactory.java:1813) ~[spring-beans-7.0.2.jar!/:7.0.2]
	at org.springframework.beans.factory.support.AbstractAutowireCapableBeanFactory.doCreateBean(AbstractAutowireCapableBeanFactory.java:603) ~[spring-beans-7.0.2.jar!/:7.0.2]
	at org.springframework.beans.factory.support.AbstractAutowireCapableBeanFactory.createBean(AbstractAutowireCapableBeanFactory.java:525) ~[spring-beans-7.0.2.jar!/:7.0.2]
	at org.springframework.beans.factory.support.AbstractBeanFactory.lambda$doGetBean$0(AbstractBeanFactory.java:333) ~[spring-beans-7.0.2.jar!/:7.0.2]
	at org.springframework.beans.factory.support.DefaultSingletonBeanRegistry.getSingleton(DefaultSingletonBeanRegistry.java:371) ~[spring-beans-7.0.2.jar!/:7.0.2]
	at org.springframework.beans.factory.support.AbstractBeanFactory.doGetBean(AbstractBeanFactory.java:331) ~[spring-beans-7.0.2.jar!/:7.0.2]
	at org.springframework.beans.factory.support.AbstractBeanFactory.getBean(AbstractBeanFactory.java:201) ~[spring-beans-7.0.2.jar!/:7.0.2]
	at org.springframework.context.support.AbstractApplicationContext.finishBeanFactoryInitialization(AbstractApplicationContext.java:976) ~[spring-context-7.0.2.jar!/:7.0.2]
	at org.springframework.context.support.AbstractApplicationContext.refresh(AbstractApplicationContext.java:620) ~[spring-context-7.0.2.jar!/:7.0.2]
	at org.springframework.boot.web.server.servlet.context.ServletWebServerApplicationContext.refresh(ServletWebServerApplicationContext.java:143) ~[spring-boot-web-server-4.0.1.jar!/:4.0.1]
	at org.springframework.boot.SpringApplication.refresh(SpringApplication.java:756) ~[spring-boot-4.0.1.jar!/:4.0.1]
	at org.springframework.boot.SpringApplication.refreshContext(SpringApplication.java:445) ~[spring-boot-4.0.1.jar!/:4.0.1]
	at org.springframework.boot.SpringApplication.run(SpringApplication.java:321) ~[spring-boot-4.0.1.jar!/:4.0.1]
	at org.springframework.boot.SpringApplication.run(SpringApplication.java:1365) ~[spring-boot-4.0.1.jar!/:4.0.1]
	at org.springframework.boot.SpringApplication.run(SpringApplication.java:1354) ~[spring-boot-4.0.1.jar!/:4.0.1]
	at com.travolish.traveller.TravellerServiceApplication.main(TravellerServiceApplication.java:10) ~[!/:0.0.1-SNAPSHOT]
	at java.base/jdk.internal.reflect.DirectMethodHandleAccessor.invoke(DirectMethodHandleAccessor.java:103) ~[na:na]
	at java.base/java.lang.reflect.Method.invoke(Method.java:580) ~[na:na]
	at org.springframework.boot.loader.launch.Launcher.launch(Launcher.java:106) ~[traveller-service-0.0.1-SNAPSHOT.jar:0.0.1-SNAPSHOT]
	at org.springframework.boot.loader.launch.Launcher.launch(Launcher.java:64) ~[traveller-service-0.0.1-SNAPSHOT.jar:0.0.1-SNAPSHOT]
	at org.springframework.boot.loader.launch.JarLauncher.main(JarLauncher.java:40) ~[traveller-service-0.0.1-SNAPSHOT.jar:0.0.1-SNAPSHOT]
Caused by: org.postgresql.util.PSQLException: ERROR: relation "idx_host_kyc_id" already exists
	at org.postgresql.core.v3.QueryExecutorImpl.receiveErrorResponse(QueryExecutorImpl.java:2712) ~[postgresql-42.7.1.jar!/:42.7.1]
	at org.postgresql.core.v3.QueryExecutorImpl.processResults(QueryExecutorImpl.java:2400) ~[postgresql-42.7.1.jar!/:42.7.1]
	at org.postgresql.core.v3.QueryExecutorImpl.execute(QueryExecutorImpl.java:367) ~[postgresql-42.7.1.jar!/:42.7.1]
	at org.postgresql.jdbc.PgStatement.executeInternal(PgStatement.java:498) ~[postgresql-42.7.1.jar!/:42.7.1]
	at org.postgresql.jdbc.PgStatement.execute(PgStatement.java:415) ~[postgresql-42.7.1.jar!/:42.7.1]
	at org.postgresql.jdbc.PgStatement.executeWithFlags(PgStatement.java:335) ~[postgresql-42.7.1.jar!/:42.7.1]
	at org.postgresql.jdbc.PgStatement.executeCachedSql(PgStatement.java:321) ~[postgresql-42.7.1.jar!/:42.7.1]
	at org.postgresql.jdbc.PgStatement.executeWithFlags(PgStatement.java:297) ~[postgresql-42.7.1.jar!/:42.7.1]
	at org.postgresql.jdbc.PgStatement.execute(PgStatement.java:292) ~[postgresql-42.7.1.jar!/:42.7.1]
	at com.zaxxer.hikari.pool.ProxyStatement.execute(ProxyStatement.java:95) ~[HikariCP-7.0.2.jar!/:na]
	at com.zaxxer.hikari.pool.HikariProxyStatement.execute(HikariProxyStatement.java) ~[HikariCP-7.0.2.jar!/:na]
	at org.hibernate.tool.schema.internal.exec.GenerationTargetToDatabase.accept(GenerationTargetToDatabase.java:76) ~[hibernate-core-7.2.0.Final.jar!/:7.2.0.Final]
	... 43 common frames omitted

2026-05-20T17:40:55.579+05:30 DEBUG 45004 --- [traveller-service] [           main] org.hibernate.SQL                        : 
    create index idx_status 
       on host_documents (verification_status)
2026-05-20T17:40:55.661+05:30  WARN 45004 --- [traveller-service] [           main] o.h.t.s.i.ExceptionHandlerLoggedImpl     : GenerationTarget encountered exception accepting command : Error executing DDL "
    create index idx_status 
       on host_documents (verification_status)" via JDBC [ERROR: relation "idx_status" already exists]

org.hibernate.tool.schema.spi.CommandAcceptanceException: Error executing DDL "
    create index idx_status 
       on host_documents (verification_status)" via JDBC [ERROR: relation "idx_status" already exists]
	at org.hibernate.tool.schema.internal.exec.GenerationTargetToDatabase.accept(GenerationTargetToDatabase.java:81) ~[hibernate-core-7.2.0.Final.jar!/:7.2.0.Final]
	at org.hibernate.tool.schema.internal.AbstractSchemaMigrator.applySqlString(AbstractSchemaMigrator.java:566) ~[hibernate-core-7.2.0.Final.jar!/:7.2.0.Final]
	at org.hibernate.tool.schema.internal.AbstractSchemaMigrator.applySqlStrings(AbstractSchemaMigrator.java:506) ~[hibernate-core-7.2.0.Final.jar!/:7.2.0.Final]
	at org.hibernate.tool.schema.internal.AbstractSchemaMigrator.applyIndexes(AbstractSchemaMigrator.java:351) ~[hibernate-core-7.2.0.Final.jar!/:7.2.0.Final]
	at org.hibernate.tool.schema.internal.GroupedSchemaMigratorImpl.performTablesMigration(GroupedSchemaMigratorImpl.java:96) ~[hibernate-core-7.2.0.Final.jar!/:7.2.0.Final]
	at org.hibernate.tool.schema.internal.AbstractSchemaMigrator.performMigration(AbstractSchemaMigrator.java:220) ~[hibernate-core-7.2.0.Final.jar!/:7.2.0.Final]
	at org.hibernate.tool.schema.internal.AbstractSchemaMigrator.doMigration(AbstractSchemaMigrator.java:96) ~[hibernate-core-7.2.0.Final.jar!/:7.2.0.Final]
	at org.hibernate.tool.schema.spi.SchemaManagementToolCoordinator.performDatabaseAction(SchemaManagementToolCoordinator.java:269) ~[hibernate-core-7.2.0.Final.jar!/:7.2.0.Final]
	at org.hibernate.tool.schema.spi.SchemaManagementToolCoordinator.lambda$process$1(SchemaManagementToolCoordinator.java:101) ~[hibernate-core-7.2.0.Final.jar!/:7.2.0.Final]
	at java.base/java.util.HashMap.forEach(HashMap.java:1429) ~[na:na]
	at org.hibernate.tool.schema.spi.SchemaManagementToolCoordinator.process(SchemaManagementToolCoordinator.java:100) ~[hibernate-core-7.2.0.Final.jar!/:7.2.0.Final]
	at org.hibernate.boot.internal.SessionFactoryObserverForSchemaExport.sessionFactoryCreated(SessionFactoryObserverForSchemaExport.java:35) ~[hibernate-core-7.2.0.Final.jar!/:7.2.0.Final]
	at org.hibernate.internal.SessionFactoryObserverChain.sessionFactoryCreated(SessionFactoryObserverChain.java:33) ~[hibernate-core-7.2.0.Final.jar!/:7.2.0.Final]
	at org.hibernate.internal.SessionFactoryImpl.<init>(SessionFactoryImpl.java:323) ~[hibernate-core-7.2.0.Final.jar!/:7.2.0.Final]
	at org.hibernate.internal.SessionFactoryRegistry.instantiateSessionFactory(SessionFactoryRegistry.java:64) ~[hibernate-core-7.2.0.Final.jar!/:7.2.0.Final]
	at org.hibernate.boot.internal.SessionFactoryBuilderImpl.build(SessionFactoryBuilderImpl.java:437) ~[hibernate-core-7.2.0.Final.jar!/:7.2.0.Final]
	at org.hibernate.jpa.boot.internal.EntityManagerFactoryBuilderImpl.build(EntityManagerFactoryBuilderImpl.java:1456) ~[hibernate-core-7.2.0.Final.jar!/:7.2.0.Final]
	at org.springframework.orm.jpa.vendor.SpringHibernateJpaPersistenceProvider.createContainerEntityManagerFactory(SpringHibernateJpaPersistenceProvider.java:66) ~[spring-orm-7.0.2.jar!/:7.0.2]
	at org.springframework.orm.jpa.LocalContainerEntityManagerFactoryBean.createNativeEntityManagerFactory(LocalContainerEntityManagerFactoryBean.java:433) ~[spring-orm-7.0.2.jar!/:7.0.2]
	at org.springframework.orm.jpa.AbstractEntityManagerFactoryBean.buildNativeEntityManagerFactory(AbstractEntityManagerFactoryBean.java:416) ~[spring-orm-7.0.2.jar!/:7.0.2]
	at org.springframework.orm.jpa.AbstractEntityManagerFactoryBean.afterPropertiesSet(AbstractEntityManagerFactoryBean.java:396) ~[spring-orm-7.0.2.jar!/:7.0.2]
	at org.springframework.orm.jpa.LocalContainerEntityManagerFactoryBean.afterPropertiesSet(LocalContainerEntityManagerFactoryBean.java:409) ~[spring-orm-7.0.2.jar!/:7.0.2]
	at org.springframework.beans.factory.support.AbstractAutowireCapableBeanFactory.invokeInitMethods(AbstractAutowireCapableBeanFactory.java:1864) ~[spring-beans-7.0.2.jar!/:7.0.2]
	at org.springframework.beans.factory.support.AbstractAutowireCapableBeanFactory.initializeBean(AbstractAutowireCapableBeanFactory.java:1813) ~[spring-beans-7.0.2.jar!/:7.0.2]
	at org.springframework.beans.factory.support.AbstractAutowireCapableBeanFactory.doCreateBean(AbstractAutowireCapableBeanFactory.java:603) ~[spring-beans-7.0.2.jar!/:7.0.2]
	at org.springframework.beans.factory.support.AbstractAutowireCapableBeanFactory.createBean(AbstractAutowireCapableBeanFactory.java:525) ~[spring-beans-7.0.2.jar!/:7.0.2]
	at org.springframework.beans.factory.support.AbstractBeanFactory.lambda$doGetBean$0(AbstractBeanFactory.java:333) ~[spring-beans-7.0.2.jar!/:7.0.2]
	at org.springframework.beans.factory.support.DefaultSingletonBeanRegistry.getSingleton(DefaultSingletonBeanRegistry.java:371) ~[spring-beans-7.0.2.jar!/:7.0.2]
	at org.springframework.beans.factory.support.AbstractBeanFactory.doGetBean(AbstractBeanFactory.java:331) ~[spring-beans-7.0.2.jar!/:7.0.2]
	at org.springframework.beans.factory.support.AbstractBeanFactory.getBean(AbstractBeanFactory.java:201) ~[spring-beans-7.0.2.jar!/:7.0.2]
	at org.springframework.context.support.AbstractApplicationContext.finishBeanFactoryInitialization(AbstractApplicationContext.java:976) ~[spring-context-7.0.2.jar!/:7.0.2]
	at org.springframework.context.support.AbstractApplicationContext.refresh(AbstractApplicationContext.java:620) ~[spring-context-7.0.2.jar!/:7.0.2]
	at org.springframework.boot.web.server.servlet.context.ServletWebServerApplicationContext.refresh(ServletWebServerApplicationContext.java:143) ~[spring-boot-web-server-4.0.1.jar!/:4.0.1]
	at org.springframework.boot.SpringApplication.refresh(SpringApplication.java:756) ~[spring-boot-4.0.1.jar!/:4.0.1]
	at org.springframework.boot.SpringApplication.refreshContext(SpringApplication.java:445) ~[spring-boot-4.0.1.jar!/:4.0.1]
	at org.springframework.boot.SpringApplication.run(SpringApplication.java:321) ~[spring-boot-4.0.1.jar!/:4.0.1]
	at org.springframework.boot.SpringApplication.run(SpringApplication.java:1365) ~[spring-boot-4.0.1.jar!/:4.0.1]
	at org.springframework.boot.SpringApplication.run(SpringApplication.java:1354) ~[spring-boot-4.0.1.jar!/:4.0.1]
	at com.travolish.traveller.TravellerServiceApplication.main(TravellerServiceApplication.java:10) ~[!/:0.0.1-SNAPSHOT]
	at java.base/jdk.internal.reflect.DirectMethodHandleAccessor.invoke(DirectMethodHandleAccessor.java:103) ~[na:na]
	at java.base/java.lang.reflect.Method.invoke(Method.java:580) ~[na:na]
	at org.springframework.boot.loader.launch.Launcher.launch(Launcher.java:106) ~[traveller-service-0.0.1-SNAPSHOT.jar:0.0.1-SNAPSHOT]
	at org.springframework.boot.loader.launch.Launcher.launch(Launcher.java:64) ~[traveller-service-0.0.1-SNAPSHOT.jar:0.0.1-SNAPSHOT]
	at org.springframework.boot.loader.launch.JarLauncher.main(JarLauncher.java:40) ~[traveller-service-0.0.1-SNAPSHOT.jar:0.0.1-SNAPSHOT]
Caused by: org.postgresql.util.PSQLException: ERROR: relation "idx_status" already exists
	at org.postgresql.core.v3.QueryExecutorImpl.receiveErrorResponse(QueryExecutorImpl.java:2712) ~[postgresql-42.7.1.jar!/:42.7.1]
	at org.postgresql.core.v3.QueryExecutorImpl.processResults(QueryExecutorImpl.java:2400) ~[postgresql-42.7.1.jar!/:42.7.1]
	at org.postgresql.core.v3.QueryExecutorImpl.execute(QueryExecutorImpl.java:367) ~[postgresql-42.7.1.jar!/:42.7.1]
	at org.postgresql.jdbc.PgStatement.executeInternal(PgStatement.java:498) ~[postgresql-42.7.1.jar!/:42.7.1]
	at org.postgresql.jdbc.PgStatement.execute(PgStatement.java:415) ~[postgresql-42.7.1.jar!/:42.7.1]
	at org.postgresql.jdbc.PgStatement.executeWithFlags(PgStatement.java:335) ~[postgresql-42.7.1.jar!/:42.7.1]
	at org.postgresql.jdbc.PgStatement.executeCachedSql(PgStatement.java:321) ~[postgresql-42.7.1.jar!/:42.7.1]
	at org.postgresql.jdbc.PgStatement.executeWithFlags(PgStatement.java:297) ~[postgresql-42.7.1.jar!/:42.7.1]
	at org.postgresql.jdbc.PgStatement.execute(PgStatement.java:292) ~[postgresql-42.7.1.jar!/:42.7.1]
	at com.zaxxer.hikari.pool.ProxyStatement.execute(ProxyStatement.java:95) ~[HikariCP-7.0.2.jar!/:na]
	at com.zaxxer.hikari.pool.HikariProxyStatement.execute(HikariProxyStatement.java) ~[HikariCP-7.0.2.jar!/:na]
	at org.hibernate.tool.schema.internal.exec.GenerationTargetToDatabase.accept(GenerationTargetToDatabase.java:76) ~[hibernate-core-7.2.0.Final.jar!/:7.2.0.Final]
	... 43 common frames omitted

2026-05-20T17:40:55.666+05:30 DEBUG 45004 --- [traveller-service] [           main] org.hibernate.SQL                        : 
    create index idx_earnings_date 
       on host_earnings (earnings_date)
2026-05-20T17:40:55.750+05:30  WARN 45004 --- [traveller-service] [           main] o.h.t.s.i.ExceptionHandlerLoggedImpl     : GenerationTarget encountered exception accepting command : Error executing DDL "
    create index idx_earnings_date 
       on host_earnings (earnings_date)" via JDBC [ERROR: column "earnings_date" does not exist]

org.hibernate.tool.schema.spi.CommandAcceptanceException: Error executing DDL "
    create index idx_earnings_date 
       on host_earnings (earnings_date)" via JDBC [ERROR: column "earnings_date" does not exist]
	at org.hibernate.tool.schema.internal.exec.GenerationTargetToDatabase.accept(GenerationTargetToDatabase.java:81) ~[hibernate-core-7.2.0.Final.jar!/:7.2.0.Final]
	at org.hibernate.tool.schema.internal.AbstractSchemaMigrator.applySqlString(AbstractSchemaMigrator.java:566) ~[hibernate-core-7.2.0.Final.jar!/:7.2.0.Final]
	at org.hibernate.tool.schema.internal.AbstractSchemaMigrator.applySqlStrings(AbstractSchemaMigrator.java:506) ~[hibernate-core-7.2.0.Final.jar!/:7.2.0.Final]
	at org.hibernate.tool.schema.internal.AbstractSchemaMigrator.applyIndexes(AbstractSchemaMigrator.java:351) ~[hibernate-core-7.2.0.Final.jar!/:7.2.0.Final]
	at org.hibernate.tool.schema.internal.GroupedSchemaMigratorImpl.performTablesMigration(GroupedSchemaMigratorImpl.java:96) ~[hibernate-core-7.2.0.Final.jar!/:7.2.0.Final]
	at org.hibernate.tool.schema.internal.AbstractSchemaMigrator.performMigration(AbstractSchemaMigrator.java:220) ~[hibernate-core-7.2.0.Final.jar!/:7.2.0.Final]
	at org.hibernate.tool.schema.internal.AbstractSchemaMigrator.doMigration(AbstractSchemaMigrator.java:96) ~[hibernate-core-7.2.0.Final.jar!/:7.2.0.Final]
	at org.hibernate.tool.schema.spi.SchemaManagementToolCoordinator.performDatabaseAction(SchemaManagementToolCoordinator.java:269) ~[hibernate-core-7.2.0.Final.jar!/:7.2.0.Final]
	at org.hibernate.tool.schema.spi.SchemaManagementToolCoordinator.lambda$process$1(SchemaManagementToolCoordinator.java:101) ~[hibernate-core-7.2.0.Final.jar!/:7.2.0.Final]
	at java.base/java.util.HashMap.forEach(HashMap.java:1429) ~[na:na]
	at org.hibernate.tool.schema.spi.SchemaManagementToolCoordinator.process(SchemaManagementToolCoordinator.java:100) ~[hibernate-core-7.2.0.Final.jar!/:7.2.0.Final]
	at org.hibernate.boot.internal.SessionFactoryObserverForSchemaExport.sessionFactoryCreated(SessionFactoryObserverForSchemaExport.java:35) ~[hibernate-core-7.2.0.Final.jar!/:7.2.0.Final]
	at org.hibernate.internal.SessionFactoryObserverChain.sessionFactoryCreated(SessionFactoryObserverChain.java:33) ~[hibernate-core-7.2.0.Final.jar!/:7.2.0.Final]
	at org.hibernate.internal.SessionFactoryImpl.<init>(SessionFactoryImpl.java:323) ~[hibernate-core-7.2.0.Final.jar!/:7.2.0.Final]
	at org.hibernate.internal.SessionFactoryRegistry.instantiateSessionFactory(SessionFactoryRegistry.java:64) ~[hibernate-core-7.2.0.Final.jar!/:7.2.0.Final]
	at org.hibernate.boot.internal.SessionFactoryBuilderImpl.build(SessionFactoryBuilderImpl.java:437) ~[hibernate-core-7.2.0.Final.jar!/:7.2.0.Final]
	at org.hibernate.jpa.boot.internal.EntityManagerFactoryBuilderImpl.build(EntityManagerFactoryBuilderImpl.java:1456) ~[hibernate-core-7.2.0.Final.jar!/:7.2.0.Final]
	at org.springframework.orm.jpa.vendor.SpringHibernateJpaPersistenceProvider.createContainerEntityManagerFactory(SpringHibernateJpaPersistenceProvider.java:66) ~[spring-orm-7.0.2.jar!/:7.0.2]
	at org.springframework.orm.jpa.LocalContainerEntityManagerFactoryBean.createNativeEntityManagerFactory(LocalContainerEntityManagerFactoryBean.java:433) ~[spring-orm-7.0.2.jar!/:7.0.2]
	at org.springframework.orm.jpa.AbstractEntityManagerFactoryBean.buildNativeEntityManagerFactory(AbstractEntityManagerFactoryBean.java:416) ~[spring-orm-7.0.2.jar!/:7.0.2]
	at org.springframework.orm.jpa.AbstractEntityManagerFactoryBean.afterPropertiesSet(AbstractEntityManagerFactoryBean.java:396) ~[spring-orm-7.0.2.jar!/:7.0.2]
	at org.springframework.orm.jpa.LocalContainerEntityManagerFactoryBean.afterPropertiesSet(LocalContainerEntityManagerFactoryBean.java:409) ~[spring-orm-7.0.2.jar!/:7.0.2]
	at org.springframework.beans.factory.support.AbstractAutowireCapableBeanFactory.invokeInitMethods(AbstractAutowireCapableBeanFactory.java:1864) ~[spring-beans-7.0.2.jar!/:7.0.2]
	at org.springframework.beans.factory.support.AbstractAutowireCapableBeanFactory.initializeBean(AbstractAutowireCapableBeanFactory.java:1813) ~[spring-beans-7.0.2.jar!/:7.0.2]
	at org.springframework.beans.factory.support.AbstractAutowireCapableBeanFactory.doCreateBean(AbstractAutowireCapableBeanFactory.java:603) ~[spring-beans-7.0.2.jar!/:7.0.2]
	at org.springframework.beans.factory.support.AbstractAutowireCapableBeanFactory.createBean(AbstractAutowireCapableBeanFactory.java:525) ~[spring-beans-7.0.2.jar!/:7.0.2]
	at org.springframework.beans.factory.support.AbstractBeanFactory.lambda$doGetBean$0(AbstractBeanFactory.java:333) ~[spring-beans-7.0.2.jar!/:7.0.2]
	at org.springframework.beans.factory.support.DefaultSingletonBeanRegistry.getSingleton(DefaultSingletonBeanRegistry.java:371) ~[spring-beans-7.0.2.jar!/:7.0.2]
	at org.springframework.beans.factory.support.AbstractBeanFactory.doGetBean(AbstractBeanFactory.java:331) ~[spring-beans-7.0.2.jar!/:7.0.2]
	at org.springframework.beans.factory.support.AbstractBeanFactory.getBean(AbstractBeanFactory.java:201) ~[spring-beans-7.0.2.jar!/:7.0.2]
	at org.springframework.context.support.AbstractApplicationContext.finishBeanFactoryInitialization(AbstractApplicationContext.java:976) ~[spring-context-7.0.2.jar!/:7.0.2]
	at org.springframework.context.support.AbstractApplicationContext.refresh(AbstractApplicationContext.java:620) ~[spring-context-7.0.2.jar!/:7.0.2]
	at org.springframework.boot.web.server.servlet.context.ServletWebServerApplicationContext.refresh(ServletWebServerApplicationContext.java:143) ~[spring-boot-web-server-4.0.1.jar!/:4.0.1]
	at org.springframework.boot.SpringApplication.refresh(SpringApplication.java:756) ~[spring-boot-4.0.1.jar!/:4.0.1]
	at org.springframework.boot.SpringApplication.refreshContext(SpringApplication.java:445) ~[spring-boot-4.0.1.jar!/:4.0.1]
	at org.springframework.boot.SpringApplication.run(SpringApplication.java:321) ~[spring-boot-4.0.1.jar!/:4.0.1]
	at org.springframework.boot.SpringApplication.run(SpringApplication.java:1365) ~[spring-boot-4.0.1.jar!/:4.0.1]
	at org.springframework.boot.SpringApplication.run(SpringApplication.java:1354) ~[spring-boot-4.0.1.jar!/:4.0.1]
	at com.travolish.traveller.TravellerServiceApplication.main(TravellerServiceApplication.java:10) ~[!/:0.0.1-SNAPSHOT]
	at java.base/jdk.internal.reflect.DirectMethodHandleAccessor.invoke(DirectMethodHandleAccessor.java:103) ~[na:na]
	at java.base/java.lang.reflect.Method.invoke(Method.java:580) ~[na:na]
	at org.springframework.boot.loader.launch.Launcher.launch(Launcher.java:106) ~[traveller-service-0.0.1-SNAPSHOT.jar:0.0.1-SNAPSHOT]
	at org.springframework.boot.loader.launch.Launcher.launch(Launcher.java:64) ~[traveller-service-0.0.1-SNAPSHOT.jar:0.0.1-SNAPSHOT]
	at org.springframework.boot.loader.launch.JarLauncher.main(JarLauncher.java:40) ~[traveller-service-0.0.1-SNAPSHOT.jar:0.0.1-SNAPSHOT]
Caused by: org.postgresql.util.PSQLException: ERROR: column "earnings_date" does not exist
	at org.postgresql.core.v3.QueryExecutorImpl.receiveErrorResponse(QueryExecutorImpl.java:2712) ~[postgresql-42.7.1.jar!/:42.7.1]
	at org.postgresql.core.v3.QueryExecutorImpl.processResults(QueryExecutorImpl.java:2400) ~[postgresql-42.7.1.jar!/:42.7.1]
	at org.postgresql.core.v3.QueryExecutorImpl.execute(QueryExecutorImpl.java:367) ~[postgresql-42.7.1.jar!/:42.7.1]
	at org.postgresql.jdbc.PgStatement.executeInternal(PgStatement.java:498) ~[postgresql-42.7.1.jar!/:42.7.1]
	at org.postgresql.jdbc.PgStatement.execute(PgStatement.java:415) ~[postgresql-42.7.1.jar!/:42.7.1]
	at org.postgresql.jdbc.PgStatement.executeWithFlags(PgStatement.java:335) ~[postgresql-42.7.1.jar!/:42.7.1]
	at org.postgresql.jdbc.PgStatement.executeCachedSql(PgStatement.java:321) ~[postgresql-42.7.1.jar!/:42.7.1]
	at org.postgresql.jdbc.PgStatement.executeWithFlags(PgStatement.java:297) ~[postgresql-42.7.1.jar!/:42.7.1]
	at org.postgresql.jdbc.PgStatement.execute(PgStatement.java:292) ~[postgresql-42.7.1.jar!/:42.7.1]
	at com.zaxxer.hikari.pool.ProxyStatement.execute(ProxyStatement.java:95) ~[HikariCP-7.0.2.jar!/:na]
	at com.zaxxer.hikari.pool.HikariProxyStatement.execute(HikariProxyStatement.java) ~[HikariCP-7.0.2.jar!/:na]
	at org.hibernate.tool.schema.internal.exec.GenerationTargetToDatabase.accept(GenerationTargetToDatabase.java:76) ~[hibernate-core-7.2.0.Final.jar!/:7.2.0.Final]
	... 43 common frames omitted

2026-05-20T17:40:55.754+05:30 DEBUG 45004 --- [traveller-service] [           main] org.hibernate.SQL                        : 
    create index idx_status 
       on host_earnings (status)
2026-05-20T17:40:55.832+05:30  WARN 45004 --- [traveller-service] [           main] o.h.t.s.i.ExceptionHandlerLoggedImpl     : GenerationTarget encountered exception accepting command : Error executing DDL "
    create index idx_status 
       on host_earnings (status)" via JDBC [ERROR: relation "idx_status" already exists]

org.hibernate.tool.schema.spi.CommandAcceptanceException: Error executing DDL "
    create index idx_status 
       on host_earnings (status)" via JDBC [ERROR: relation "idx_status" already exists]
	at org.hibernate.tool.schema.internal.exec.GenerationTargetToDatabase.accept(GenerationTargetToDatabase.java:81) ~[hibernate-core-7.2.0.Final.jar!/:7.2.0.Final]
	at org.hibernate.tool.schema.internal.AbstractSchemaMigrator.applySqlString(AbstractSchemaMigrator.java:566) ~[hibernate-core-7.2.0.Final.jar!/:7.2.0.Final]
	at org.hibernate.tool.schema.internal.AbstractSchemaMigrator.applySqlStrings(AbstractSchemaMigrator.java:506) ~[hibernate-core-7.2.0.Final.jar!/:7.2.0.Final]
	at org.hibernate.tool.schema.internal.AbstractSchemaMigrator.applyIndexes(AbstractSchemaMigrator.java:351) ~[hibernate-core-7.2.0.Final.jar!/:7.2.0.Final]
	at org.hibernate.tool.schema.internal.GroupedSchemaMigratorImpl.performTablesMigration(GroupedSchemaMigratorImpl.java:96) ~[hibernate-core-7.2.0.Final.jar!/:7.2.0.Final]
	at org.hibernate.tool.schema.internal.AbstractSchemaMigrator.performMigration(AbstractSchemaMigrator.java:220) ~[hibernate-core-7.2.0.Final.jar!/:7.2.0.Final]
	at org.hibernate.tool.schema.internal.AbstractSchemaMigrator.doMigration(AbstractSchemaMigrator.java:96) ~[hibernate-core-7.2.0.Final.jar!/:7.2.0.Final]
	at org.hibernate.tool.schema.spi.SchemaManagementToolCoordinator.performDatabaseAction(SchemaManagementToolCoordinator.java:269) ~[hibernate-core-7.2.0.Final.jar!/:7.2.0.Final]
	at org.hibernate.tool.schema.spi.SchemaManagementToolCoordinator.lambda$process$1(SchemaManagementToolCoordinator.java:101) ~[hibernate-core-7.2.0.Final.jar!/:7.2.0.Final]
	at java.base/java.util.HashMap.forEach(HashMap.java:1429) ~[na:na]
	at org.hibernate.tool.schema.spi.SchemaManagementToolCoordinator.process(SchemaManagementToolCoordinator.java:100) ~[hibernate-core-7.2.0.Final.jar!/:7.2.0.Final]
	at org.hibernate.boot.internal.SessionFactoryObserverForSchemaExport.sessionFactoryCreated(SessionFactoryObserverForSchemaExport.java:35) ~[hibernate-core-7.2.0.Final.jar!/:7.2.0.Final]
	at org.hibernate.internal.SessionFactoryObserverChain.sessionFactoryCreated(SessionFactoryObserverChain.java:33) ~[hibernate-core-7.2.0.Final.jar!/:7.2.0.Final]
	at org.hibernate.internal.SessionFactoryImpl.<init>(SessionFactoryImpl.java:323) ~[hibernate-core-7.2.0.Final.jar!/:7.2.0.Final]
	at org.hibernate.internal.SessionFactoryRegistry.instantiateSessionFactory(SessionFactoryRegistry.java:64) ~[hibernate-core-7.2.0.Final.jar!/:7.2.0.Final]
	at org.hibernate.boot.internal.SessionFactoryBuilderImpl.build(SessionFactoryBuilderImpl.java:437) ~[hibernate-core-7.2.0.Final.jar!/:7.2.0.Final]
	at org.hibernate.jpa.boot.internal.EntityManagerFactoryBuilderImpl.build(EntityManagerFactoryBuilderImpl.java:1456) ~[hibernate-core-7.2.0.Final.jar!/:7.2.0.Final]
	at org.springframework.orm.jpa.vendor.SpringHibernateJpaPersistenceProvider.createContainerEntityManagerFactory(SpringHibernateJpaPersistenceProvider.java:66) ~[spring-orm-7.0.2.jar!/:7.0.2]
	at org.springframework.orm.jpa.LocalContainerEntityManagerFactoryBean.createNativeEntityManagerFactory(LocalContainerEntityManagerFactoryBean.java:433) ~[spring-orm-7.0.2.jar!/:7.0.2]
	at org.springframework.orm.jpa.AbstractEntityManagerFactoryBean.buildNativeEntityManagerFactory(AbstractEntityManagerFactoryBean.java:416) ~[spring-orm-7.0.2.jar!/:7.0.2]
	at org.springframework.orm.jpa.AbstractEntityManagerFactoryBean.afterPropertiesSet(AbstractEntityManagerFactoryBean.java:396) ~[spring-orm-7.0.2.jar!/:7.0.2]
	at org.springframework.orm.jpa.LocalContainerEntityManagerFactoryBean.afterPropertiesSet(LocalContainerEntityManagerFactoryBean.java:409) ~[spring-orm-7.0.2.jar!/:7.0.2]
	at org.springframework.beans.factory.support.AbstractAutowireCapableBeanFactory.invokeInitMethods(AbstractAutowireCapableBeanFactory.java:1864) ~[spring-beans-7.0.2.jar!/:7.0.2]
	at org.springframework.beans.factory.support.AbstractAutowireCapableBeanFactory.initializeBean(AbstractAutowireCapableBeanFactory.java:1813) ~[spring-beans-7.0.2.jar!/:7.0.2]
	at org.springframework.beans.factory.support.AbstractAutowireCapableBeanFactory.doCreateBean(AbstractAutowireCapableBeanFactory.java:603) ~[spring-beans-7.0.2.jar!/:7.0.2]
	at org.springframework.beans.factory.support.AbstractAutowireCapableBeanFactory.createBean(AbstractAutowireCapableBeanFactory.java:525) ~[spring-beans-7.0.2.jar!/:7.0.2]
	at org.springframework.beans.factory.support.AbstractBeanFactory.lambda$doGetBean$0(AbstractBeanFactory.java:333) ~[spring-beans-7.0.2.jar!/:7.0.2]
	at org.springframework.beans.factory.support.DefaultSingletonBeanRegistry.getSingleton(DefaultSingletonBeanRegistry.java:371) ~[spring-beans-7.0.2.jar!/:7.0.2]
	at org.springframework.beans.factory.support.AbstractBeanFactory.doGetBean(AbstractBeanFactory.java:331) ~[spring-beans-7.0.2.jar!/:7.0.2]
	at org.springframework.beans.factory.support.AbstractBeanFactory.getBean(AbstractBeanFactory.java:201) ~[spring-beans-7.0.2.jar!/:7.0.2]
	at org.springframework.context.support.AbstractApplicationContext.finishBeanFactoryInitialization(AbstractApplicationContext.java:976) ~[spring-context-7.0.2.jar!/:7.0.2]
	at org.springframework.context.support.AbstractApplicationContext.refresh(AbstractApplicationContext.java:620) ~[spring-context-7.0.2.jar!/:7.0.2]
	at org.springframework.boot.web.server.servlet.context.ServletWebServerApplicationContext.refresh(ServletWebServerApplicationContext.java:143) ~[spring-boot-web-server-4.0.1.jar!/:4.0.1]
	at org.springframework.boot.SpringApplication.refresh(SpringApplication.java:756) ~[spring-boot-4.0.1.jar!/:4.0.1]
	at org.springframework.boot.SpringApplication.refreshContext(SpringApplication.java:445) ~[spring-boot-4.0.1.jar!/:4.0.1]
	at org.springframework.boot.SpringApplication.run(SpringApplication.java:321) ~[spring-boot-4.0.1.jar!/:4.0.1]
	at org.springframework.boot.SpringApplication.run(SpringApplication.java:1365) ~[spring-boot-4.0.1.jar!/:4.0.1]
	at org.springframework.boot.SpringApplication.run(SpringApplication.java:1354) ~[spring-boot-4.0.1.jar!/:4.0.1]
	at com.travolish.traveller.TravellerServiceApplication.main(TravellerServiceApplication.java:10) ~[!/:0.0.1-SNAPSHOT]
	at java.base/jdk.internal.reflect.DirectMethodHandleAccessor.invoke(DirectMethodHandleAccessor.java:103) ~[na:na]
	at java.base/java.lang.reflect.Method.invoke(Method.java:580) ~[na:na]
	at org.springframework.boot.loader.launch.Launcher.launch(Launcher.java:106) ~[traveller-service-0.0.1-SNAPSHOT.jar:0.0.1-SNAPSHOT]
	at org.springframework.boot.loader.launch.Launcher.launch(Launcher.java:64) ~[traveller-service-0.0.1-SNAPSHOT.jar:0.0.1-SNAPSHOT]
	at org.springframework.boot.loader.launch.JarLauncher.main(JarLauncher.java:40) ~[traveller-service-0.0.1-SNAPSHOT.jar:0.0.1-SNAPSHOT]
Caused by: org.postgresql.util.PSQLException: ERROR: relation "idx_status" already exists
	at org.postgresql.core.v3.QueryExecutorImpl.receiveErrorResponse(QueryExecutorImpl.java:2712) ~[postgresql-42.7.1.jar!/:42.7.1]
	at org.postgresql.core.v3.QueryExecutorImpl.processResults(QueryExecutorImpl.java:2400) ~[postgresql-42.7.1.jar!/:42.7.1]
	at org.postgresql.core.v3.QueryExecutorImpl.execute(QueryExecutorImpl.java:367) ~[postgresql-42.7.1.jar!/:42.7.1]
	at org.postgresql.jdbc.PgStatement.executeInternal(PgStatement.java:498) ~[postgresql-42.7.1.jar!/:42.7.1]
	at org.postgresql.jdbc.PgStatement.execute(PgStatement.java:415) ~[postgresql-42.7.1.jar!/:42.7.1]
	at org.postgresql.jdbc.PgStatement.executeWithFlags(PgStatement.java:335) ~[postgresql-42.7.1.jar!/:42.7.1]
	at org.postgresql.jdbc.PgStatement.executeCachedSql(PgStatement.java:321) ~[postgresql-42.7.1.jar!/:42.7.1]
	at org.postgresql.jdbc.PgStatement.executeWithFlags(PgStatement.java:297) ~[postgresql-42.7.1.jar!/:42.7.1]
	at org.postgresql.jdbc.PgStatement.execute(PgStatement.java:292) ~[postgresql-42.7.1.jar!/:42.7.1]
	at com.zaxxer.hikari.pool.ProxyStatement.execute(ProxyStatement.java:95) ~[HikariCP-7.0.2.jar!/:na]
	at com.zaxxer.hikari.pool.HikariProxyStatement.execute(HikariProxyStatement.java) ~[HikariCP-7.0.2.jar!/:na]
	at org.hibernate.tool.schema.internal.exec.GenerationTargetToDatabase.accept(GenerationTargetToDatabase.java:76) ~[hibernate-core-7.2.0.Final.jar!/:7.2.0.Final]
	... 43 common frames omitted

2026-05-20T17:40:55.835+05:30 DEBUG 45004 --- [traveller-service] [           main] org.hibernate.SQL                        : 
    create index idx_host_id 
       on host_kyc (host_id)
2026-05-20T17:40:55.916+05:30  WARN 45004 --- [traveller-service] [           main] o.h.t.s.i.ExceptionHandlerLoggedImpl     : GenerationTarget encountered exception accepting command : Error executing DDL "
    create index idx_host_id 
       on host_kyc (host_id)" via JDBC [ERROR: relation "idx_host_id" already exists]

org.hibernate.tool.schema.spi.CommandAcceptanceException: Error executing DDL "
    create index idx_host_id 
       on host_kyc (host_id)" via JDBC [ERROR: relation "idx_host_id" already exists]
	at org.hibernate.tool.schema.internal.exec.GenerationTargetToDatabase.accept(GenerationTargetToDatabase.java:81) ~[hibernate-core-7.2.0.Final.jar!/:7.2.0.Final]
	at org.hibernate.tool.schema.internal.AbstractSchemaMigrator.applySqlString(AbstractSchemaMigrator.java:566) ~[hibernate-core-7.2.0.Final.jar!/:7.2.0.Final]
	at org.hibernate.tool.schema.internal.AbstractSchemaMigrator.applySqlStrings(AbstractSchemaMigrator.java:506) ~[hibernate-core-7.2.0.Final.jar!/:7.2.0.Final]
	at org.hibernate.tool.schema.internal.AbstractSchemaMigrator.applyIndexes(AbstractSchemaMigrator.java:351) ~[hibernate-core-7.2.0.Final.jar!/:7.2.0.Final]
	at org.hibernate.tool.schema.internal.GroupedSchemaMigratorImpl.performTablesMigration(GroupedSchemaMigratorImpl.java:96) ~[hibernate-core-7.2.0.Final.jar!/:7.2.0.Final]
	at org.hibernate.tool.schema.internal.AbstractSchemaMigrator.performMigration(AbstractSchemaMigrator.java:220) ~[hibernate-core-7.2.0.Final.jar!/:7.2.0.Final]
	at org.hibernate.tool.schema.internal.AbstractSchemaMigrator.doMigration(AbstractSchemaMigrator.java:96) ~[hibernate-core-7.2.0.Final.jar!/:7.2.0.Final]
	at org.hibernate.tool.schema.spi.SchemaManagementToolCoordinator.performDatabaseAction(SchemaManagementToolCoordinator.java:269) ~[hibernate-core-7.2.0.Final.jar!/:7.2.0.Final]
	at org.hibernate.tool.schema.spi.SchemaManagementToolCoordinator.lambda$process$1(SchemaManagementToolCoordinator.java:101) ~[hibernate-core-7.2.0.Final.jar!/:7.2.0.Final]
	at java.base/java.util.HashMap.forEach(HashMap.java:1429) ~[na:na]
	at org.hibernate.tool.schema.spi.SchemaManagementToolCoordinator.process(SchemaManagementToolCoordinator.java:100) ~[hibernate-core-7.2.0.Final.jar!/:7.2.0.Final]
	at org.hibernate.boot.internal.SessionFactoryObserverForSchemaExport.sessionFactoryCreated(SessionFactoryObserverForSchemaExport.java:35) ~[hibernate-core-7.2.0.Final.jar!/:7.2.0.Final]
	at org.hibernate.internal.SessionFactoryObserverChain.sessionFactoryCreated(SessionFactoryObserverChain.java:33) ~[hibernate-core-7.2.0.Final.jar!/:7.2.0.Final]
	at org.hibernate.internal.SessionFactoryImpl.<init>(SessionFactoryImpl.java:323) ~[hibernate-core-7.2.0.Final.jar!/:7.2.0.Final]
	at org.hibernate.internal.SessionFactoryRegistry.instantiateSessionFactory(SessionFactoryRegistry.java:64) ~[hibernate-core-7.2.0.Final.jar!/:7.2.0.Final]
	at org.hibernate.boot.internal.SessionFactoryBuilderImpl.build(SessionFactoryBuilderImpl.java:437) ~[hibernate-core-7.2.0.Final.jar!/:7.2.0.Final]
	at org.hibernate.jpa.boot.internal.EntityManagerFactoryBuilderImpl.build(EntityManagerFactoryBuilderImpl.java:1456) ~[hibernate-core-7.2.0.Final.jar!/:7.2.0.Final]
	at org.springframework.orm.jpa.vendor.SpringHibernateJpaPersistenceProvider.createContainerEntityManagerFactory(SpringHibernateJpaPersistenceProvider.java:66) ~[spring-orm-7.0.2.jar!/:7.0.2]
	at org.springframework.orm.jpa.LocalContainerEntityManagerFactoryBean.createNativeEntityManagerFactory(LocalContainerEntityManagerFactoryBean.java:433) ~[spring-orm-7.0.2.jar!/:7.0.2]
	at org.springframework.orm.jpa.AbstractEntityManagerFactoryBean.buildNativeEntityManagerFactory(AbstractEntityManagerFactoryBean.java:416) ~[spring-orm-7.0.2.jar!/:7.0.2]
	at org.springframework.orm.jpa.AbstractEntityManagerFactoryBean.afterPropertiesSet(AbstractEntityManagerFactoryBean.java:396) ~[spring-orm-7.0.2.jar!/:7.0.2]
	at org.springframework.orm.jpa.LocalContainerEntityManagerFactoryBean.afterPropertiesSet(LocalContainerEntityManagerFactoryBean.java:409) ~[spring-orm-7.0.2.jar!/:7.0.2]
	at org.springframework.beans.factory.support.AbstractAutowireCapableBeanFactory.invokeInitMethods(AbstractAutowireCapableBeanFactory.java:1864) ~[spring-beans-7.0.2.jar!/:7.0.2]
	at org.springframework.beans.factory.support.AbstractAutowireCapableBeanFactory.initializeBean(AbstractAutowireCapableBeanFactory.java:1813) ~[spring-beans-7.0.2.jar!/:7.0.2]
	at org.springframework.beans.factory.support.AbstractAutowireCapableBeanFactory.doCreateBean(AbstractAutowireCapableBeanFactory.java:603) ~[spring-beans-7.0.2.jar!/:7.0.2]
	at org.springframework.beans.factory.support.AbstractAutowireCapableBeanFactory.createBean(AbstractAutowireCapableBeanFactory.java:525) ~[spring-beans-7.0.2.jar!/:7.0.2]
	at org.springframework.beans.factory.support.AbstractBeanFactory.lambda$doGetBean$0(AbstractBeanFactory.java:333) ~[spring-beans-7.0.2.jar!/:7.0.2]
	at org.springframework.beans.factory.support.DefaultSingletonBeanRegistry.getSingleton(DefaultSingletonBeanRegistry.java:371) ~[spring-beans-7.0.2.jar!/:7.0.2]
	at org.springframework.beans.factory.support.AbstractBeanFactory.doGetBean(AbstractBeanFactory.java:331) ~[spring-beans-7.0.2.jar!/:7.0.2]
	at org.springframework.beans.factory.support.AbstractBeanFactory.getBean(AbstractBeanFactory.java:201) ~[spring-beans-7.0.2.jar!/:7.0.2]
	at org.springframework.context.support.AbstractApplicationContext.finishBeanFactoryInitialization(AbstractApplicationContext.java:976) ~[spring-context-7.0.2.jar!/:7.0.2]
	at org.springframework.context.support.AbstractApplicationContext.refresh(AbstractApplicationContext.java:620) ~[spring-context-7.0.2.jar!/:7.0.2]
	at org.springframework.boot.web.server.servlet.context.ServletWebServerApplicationContext.refresh(ServletWebServerApplicationContext.java:143) ~[spring-boot-web-server-4.0.1.jar!/:4.0.1]
	at org.springframework.boot.SpringApplication.refresh(SpringApplication.java:756) ~[spring-boot-4.0.1.jar!/:4.0.1]
	at org.springframework.boot.SpringApplication.refreshContext(SpringApplication.java:445) ~[spring-boot-4.0.1.jar!/:4.0.1]
	at org.springframework.boot.SpringApplication.run(SpringApplication.java:321) ~[spring-boot-4.0.1.jar!/:4.0.1]
	at org.springframework.boot.SpringApplication.run(SpringApplication.java:1365) ~[spring-boot-4.0.1.jar!/:4.0.1]
	at org.springframework.boot.SpringApplication.run(SpringApplication.java:1354) ~[spring-boot-4.0.1.jar!/:4.0.1]
	at com.travolish.traveller.TravellerServiceApplication.main(TravellerServiceApplication.java:10) ~[!/:0.0.1-SNAPSHOT]
	at java.base/jdk.internal.reflect.DirectMethodHandleAccessor.invoke(DirectMethodHandleAccessor.java:103) ~[na:na]
	at java.base/java.lang.reflect.Method.invoke(Method.java:580) ~[na:na]
	at org.springframework.boot.loader.launch.Launcher.launch(Launcher.java:106) ~[traveller-service-0.0.1-SNAPSHOT.jar:0.0.1-SNAPSHOT]
	at org.springframework.boot.loader.launch.Launcher.launch(Launcher.java:64) ~[traveller-service-0.0.1-SNAPSHOT.jar:0.0.1-SNAPSHOT]
	at org.springframework.boot.loader.launch.JarLauncher.main(JarLauncher.java:40) ~[traveller-service-0.0.1-SNAPSHOT.jar:0.0.1-SNAPSHOT]
Caused by: org.postgresql.util.PSQLException: ERROR: relation "idx_host_id" already exists
	at org.postgresql.core.v3.QueryExecutorImpl.receiveErrorResponse(QueryExecutorImpl.java:2712) ~[postgresql-42.7.1.jar!/:42.7.1]
	at org.postgresql.core.v3.QueryExecutorImpl.processResults(QueryExecutorImpl.java:2400) ~[postgresql-42.7.1.jar!/:42.7.1]
	at org.postgresql.core.v3.QueryExecutorImpl.execute(QueryExecutorImpl.java:367) ~[postgresql-42.7.1.jar!/:42.7.1]
	at org.postgresql.jdbc.PgStatement.executeInternal(PgStatement.java:498) ~[postgresql-42.7.1.jar!/:42.7.1]
	at org.postgresql.jdbc.PgStatement.execute(PgStatement.java:415) ~[postgresql-42.7.1.jar!/:42.7.1]
	at org.postgresql.jdbc.PgStatement.executeWithFlags(PgStatement.java:335) ~[postgresql-42.7.1.jar!/:42.7.1]
	at org.postgresql.jdbc.PgStatement.executeCachedSql(PgStatement.java:321) ~[postgresql-42.7.1.jar!/:42.7.1]
	at org.postgresql.jdbc.PgStatement.executeWithFlags(PgStatement.java:297) ~[postgresql-42.7.1.jar!/:42.7.1]
	at org.postgresql.jdbc.PgStatement.execute(PgStatement.java:292) ~[postgresql-42.7.1.jar!/:42.7.1]
	at com.zaxxer.hikari.pool.ProxyStatement.execute(ProxyStatement.java:95) ~[HikariCP-7.0.2.jar!/:na]
	at com.zaxxer.hikari.pool.HikariProxyStatement.execute(HikariProxyStatement.java) ~[HikariCP-7.0.2.jar!/:na]
	at org.hibernate.tool.schema.internal.exec.GenerationTargetToDatabase.accept(GenerationTargetToDatabase.java:76) ~[hibernate-core-7.2.0.Final.jar!/:7.2.0.Final]
	... 43 common frames omitted

2026-05-20T17:40:55.920+05:30 DEBUG 45004 --- [traveller-service] [           main] org.hibernate.SQL                        : 
    create index idx_status 
       on host_kyc (kyc_status)
2026-05-20T17:40:56.003+05:30  WARN 45004 --- [traveller-service] [           main] o.h.t.s.i.ExceptionHandlerLoggedImpl     : GenerationTarget encountered exception accepting command : Error executing DDL "
    create index idx_status 
       on host_kyc (kyc_status)" via JDBC [ERROR: relation "idx_status" already exists]

org.hibernate.tool.schema.spi.CommandAcceptanceException: Error executing DDL "
    create index idx_status 
       on host_kyc (kyc_status)" via JDBC [ERROR: relation "idx_status" already exists]
	at org.hibernate.tool.schema.internal.exec.GenerationTargetToDatabase.accept(GenerationTargetToDatabase.java:81) ~[hibernate-core-7.2.0.Final.jar!/:7.2.0.Final]
	at org.hibernate.tool.schema.internal.AbstractSchemaMigrator.applySqlString(AbstractSchemaMigrator.java:566) ~[hibernate-core-7.2.0.Final.jar!/:7.2.0.Final]
	at org.hibernate.tool.schema.internal.AbstractSchemaMigrator.applySqlStrings(AbstractSchemaMigrator.java:506) ~[hibernate-core-7.2.0.Final.jar!/:7.2.0.Final]
	at org.hibernate.tool.schema.internal.AbstractSchemaMigrator.applyIndexes(AbstractSchemaMigrator.java:351) ~[hibernate-core-7.2.0.Final.jar!/:7.2.0.Final]
	at org.hibernate.tool.schema.internal.GroupedSchemaMigratorImpl.performTablesMigration(GroupedSchemaMigratorImpl.java:96) ~[hibernate-core-7.2.0.Final.jar!/:7.2.0.Final]
	at org.hibernate.tool.schema.internal.AbstractSchemaMigrator.performMigration(AbstractSchemaMigrator.java:220) ~[hibernate-core-7.2.0.Final.jar!/:7.2.0.Final]
	at org.hibernate.tool.schema.internal.AbstractSchemaMigrator.doMigration(AbstractSchemaMigrator.java:96) ~[hibernate-core-7.2.0.Final.jar!/:7.2.0.Final]
	at org.hibernate.tool.schema.spi.SchemaManagementToolCoordinator.performDatabaseAction(SchemaManagementToolCoordinator.java:269) ~[hibernate-core-7.2.0.Final.jar!/:7.2.0.Final]
	at org.hibernate.tool.schema.spi.SchemaManagementToolCoordinator.lambda$process$1(SchemaManagementToolCoordinator.java:101) ~[hibernate-core-7.2.0.Final.jar!/:7.2.0.Final]
	at java.base/java.util.HashMap.forEach(HashMap.java:1429) ~[na:na]
	at org.hibernate.tool.schema.spi.SchemaManagementToolCoordinator.process(SchemaManagementToolCoordinator.java:100) ~[hibernate-core-7.2.0.Final.jar!/:7.2.0.Final]
	at org.hibernate.boot.internal.SessionFactoryObserverForSchemaExport.sessionFactoryCreated(SessionFactoryObserverForSchemaExport.java:35) ~[hibernate-core-7.2.0.Final.jar!/:7.2.0.Final]
	at org.hibernate.internal.SessionFactoryObserverChain.sessionFactoryCreated(SessionFactoryObserverChain.java:33) ~[hibernate-core-7.2.0.Final.jar!/:7.2.0.Final]
	at org.hibernate.internal.SessionFactoryImpl.<init>(SessionFactoryImpl.java:323) ~[hibernate-core-7.2.0.Final.jar!/:7.2.0.Final]
	at org.hibernate.internal.SessionFactoryRegistry.instantiateSessionFactory(SessionFactoryRegistry.java:64) ~[hibernate-core-7.2.0.Final.jar!/:7.2.0.Final]
	at org.hibernate.boot.internal.SessionFactoryBuilderImpl.build(SessionFactoryBuilderImpl.java:437) ~[hibernate-core-7.2.0.Final.jar!/:7.2.0.Final]
	at org.hibernate.jpa.boot.internal.EntityManagerFactoryBuilderImpl.build(EntityManagerFactoryBuilderImpl.java:1456) ~[hibernate-core-7.2.0.Final.jar!/:7.2.0.Final]
	at org.springframework.orm.jpa.vendor.SpringHibernateJpaPersistenceProvider.createContainerEntityManagerFactory(SpringHibernateJpaPersistenceProvider.java:66) ~[spring-orm-7.0.2.jar!/:7.0.2]
	at org.springframework.orm.jpa.LocalContainerEntityManagerFactoryBean.createNativeEntityManagerFactory(LocalContainerEntityManagerFactoryBean.java:433) ~[spring-orm-7.0.2.jar!/:7.0.2]
	at org.springframework.orm.jpa.AbstractEntityManagerFactoryBean.buildNativeEntityManagerFactory(AbstractEntityManagerFactoryBean.java:416) ~[spring-orm-7.0.2.jar!/:7.0.2]
	at org.springframework.orm.jpa.AbstractEntityManagerFactoryBean.afterPropertiesSet(AbstractEntityManagerFactoryBean.java:396) ~[spring-orm-7.0.2.jar!/:7.0.2]
	at org.springframework.orm.jpa.LocalContainerEntityManagerFactoryBean.afterPropertiesSet(LocalContainerEntityManagerFactoryBean.java:409) ~[spring-orm-7.0.2.jar!/:7.0.2]
	at org.springframework.beans.factory.support.AbstractAutowireCapableBeanFactory.invokeInitMethods(AbstractAutowireCapableBeanFactory.java:1864) ~[spring-beans-7.0.2.jar!/:7.0.2]
	at org.springframework.beans.factory.support.AbstractAutowireCapableBeanFactory.initializeBean(AbstractAutowireCapableBeanFactory.java:1813) ~[spring-beans-7.0.2.jar!/:7.0.2]
	at org.springframework.beans.factory.support.AbstractAutowireCapableBeanFactory.doCreateBean(AbstractAutowireCapableBeanFactory.java:603) ~[spring-beans-7.0.2.jar!/:7.0.2]
	at org.springframework.beans.factory.support.AbstractAutowireCapableBeanFactory.createBean(AbstractAutowireCapableBeanFactory.java:525) ~[spring-beans-7.0.2.jar!/:7.0.2]
	at org.springframework.beans.factory.support.AbstractBeanFactory.lambda$doGetBean$0(AbstractBeanFactory.java:333) ~[spring-beans-7.0.2.jar!/:7.0.2]
	at org.springframework.beans.factory.support.DefaultSingletonBeanRegistry.getSingleton(DefaultSingletonBeanRegistry.java:371) ~[spring-beans-7.0.2.jar!/:7.0.2]
	at org.springframework.beans.factory.support.AbstractBeanFactory.doGetBean(AbstractBeanFactory.java:331) ~[spring-beans-7.0.2.jar!/:7.0.2]
	at org.springframework.beans.factory.support.AbstractBeanFactory.getBean(AbstractBeanFactory.java:201) ~[spring-beans-7.0.2.jar!/:7.0.2]
	at org.springframework.context.support.AbstractApplicationContext.finishBeanFactoryInitialization(AbstractApplicationContext.java:976) ~[spring-context-7.0.2.jar!/:7.0.2]
	at org.springframework.context.support.AbstractApplicationContext.refresh(AbstractApplicationContext.java:620) ~[spring-context-7.0.2.jar!/:7.0.2]
	at org.springframework.boot.web.server.servlet.context.ServletWebServerApplicationContext.refresh(ServletWebServerApplicationContext.java:143) ~[spring-boot-web-server-4.0.1.jar!/:4.0.1]
	at org.springframework.boot.SpringApplication.refresh(SpringApplication.java:756) ~[spring-boot-4.0.1.jar!/:4.0.1]
	at org.springframework.boot.SpringApplication.refreshContext(SpringApplication.java:445) ~[spring-boot-4.0.1.jar!/:4.0.1]
	at org.springframework.boot.SpringApplication.run(SpringApplication.java:321) ~[spring-boot-4.0.1.jar!/:4.0.1]
	at org.springframework.boot.SpringApplication.run(SpringApplication.java:1365) ~[spring-boot-4.0.1.jar!/:4.0.1]
	at org.springframework.boot.SpringApplication.run(SpringApplication.java:1354) ~[spring-boot-4.0.1.jar!/:4.0.1]
	at com.travolish.traveller.TravellerServiceApplication.main(TravellerServiceApplication.java:10) ~[!/:0.0.1-SNAPSHOT]
	at java.base/jdk.internal.reflect.DirectMethodHandleAccessor.invoke(DirectMethodHandleAccessor.java:103) ~[na:na]
	at java.base/java.lang.reflect.Method.invoke(Method.java:580) ~[na:na]
	at org.springframework.boot.loader.launch.Launcher.launch(Launcher.java:106) ~[traveller-service-0.0.1-SNAPSHOT.jar:0.0.1-SNAPSHOT]
	at org.springframework.boot.loader.launch.Launcher.launch(Launcher.java:64) ~[traveller-service-0.0.1-SNAPSHOT.jar:0.0.1-SNAPSHOT]
	at org.springframework.boot.loader.launch.JarLauncher.main(JarLauncher.java:40) ~[traveller-service-0.0.1-SNAPSHOT.jar:0.0.1-SNAPSHOT]
Caused by: org.postgresql.util.PSQLException: ERROR: relation "idx_status" already exists
	at org.postgresql.core.v3.QueryExecutorImpl.receiveErrorResponse(QueryExecutorImpl.java:2712) ~[postgresql-42.7.1.jar!/:42.7.1]
	at org.postgresql.core.v3.QueryExecutorImpl.processResults(QueryExecutorImpl.java:2400) ~[postgresql-42.7.1.jar!/:42.7.1]
	at org.postgresql.core.v3.QueryExecutorImpl.execute(QueryExecutorImpl.java:367) ~[postgresql-42.7.1.jar!/:42.7.1]
	at org.postgresql.jdbc.PgStatement.executeInternal(PgStatement.java:498) ~[postgresql-42.7.1.jar!/:42.7.1]
	at org.postgresql.jdbc.PgStatement.execute(PgStatement.java:415) ~[postgresql-42.7.1.jar!/:42.7.1]
	at org.postgresql.jdbc.PgStatement.executeWithFlags(PgStatement.java:335) ~[postgresql-42.7.1.jar!/:42.7.1]
	at org.postgresql.jdbc.PgStatement.executeCachedSql(PgStatement.java:321) ~[postgresql-42.7.1.jar!/:42.7.1]
	at org.postgresql.jdbc.PgStatement.executeWithFlags(PgStatement.java:297) ~[postgresql-42.7.1.jar!/:42.7.1]
	at org.postgresql.jdbc.PgStatement.execute(PgStatement.java:292) ~[postgresql-42.7.1.jar!/:42.7.1]
	at com.zaxxer.hikari.pool.ProxyStatement.execute(ProxyStatement.java:95) ~[HikariCP-7.0.2.jar!/:na]
	at com.zaxxer.hikari.pool.HikariProxyStatement.execute(HikariProxyStatement.java) ~[HikariCP-7.0.2.jar!/:na]
	at org.hibernate.tool.schema.internal.exec.GenerationTargetToDatabase.accept(GenerationTargetToDatabase.java:76) ~[hibernate-core-7.2.0.Final.jar!/:7.2.0.Final]
	... 43 common frames omitted

2026-05-20T17:40:56.008+05:30 DEBUG 45004 --- [traveller-service] [           main] org.hibernate.SQL                        : 
    create index idx_created_at 
       on message_attachments (created_at)
2026-05-20T17:40:56.090+05:30  WARN 45004 --- [traveller-service] [           main] o.h.t.s.i.ExceptionHandlerLoggedImpl     : GenerationTarget encountered exception accepting command : Error executing DDL "
    create index idx_created_at 
       on message_attachments (created_at)" via JDBC [ERROR: relation "idx_created_at" already exists]

org.hibernate.tool.schema.spi.CommandAcceptanceException: Error executing DDL "
    create index idx_created_at 
       on message_attachments (created_at)" via JDBC [ERROR: relation "idx_created_at" already exists]
	at org.hibernate.tool.schema.internal.exec.GenerationTargetToDatabase.accept(GenerationTargetToDatabase.java:81) ~[hibernate-core-7.2.0.Final.jar!/:7.2.0.Final]
	at org.hibernate.tool.schema.internal.AbstractSchemaMigrator.applySqlString(AbstractSchemaMigrator.java:566) ~[hibernate-core-7.2.0.Final.jar!/:7.2.0.Final]
	at org.hibernate.tool.schema.internal.AbstractSchemaMigrator.applySqlStrings(AbstractSchemaMigrator.java:506) ~[hibernate-core-7.2.0.Final.jar!/:7.2.0.Final]
	at org.hibernate.tool.schema.internal.AbstractSchemaMigrator.applyIndexes(AbstractSchemaMigrator.java:351) ~[hibernate-core-7.2.0.Final.jar!/:7.2.0.Final]
	at org.hibernate.tool.schema.internal.GroupedSchemaMigratorImpl.performTablesMigration(GroupedSchemaMigratorImpl.java:96) ~[hibernate-core-7.2.0.Final.jar!/:7.2.0.Final]
	at org.hibernate.tool.schema.internal.AbstractSchemaMigrator.performMigration(AbstractSchemaMigrator.java:220) ~[hibernate-core-7.2.0.Final.jar!/:7.2.0.Final]
	at org.hibernate.tool.schema.internal.AbstractSchemaMigrator.doMigration(AbstractSchemaMigrator.java:96) ~[hibernate-core-7.2.0.Final.jar!/:7.2.0.Final]
	at org.hibernate.tool.schema.spi.SchemaManagementToolCoordinator.performDatabaseAction(SchemaManagementToolCoordinator.java:269) ~[hibernate-core-7.2.0.Final.jar!/:7.2.0.Final]
	at org.hibernate.tool.schema.spi.SchemaManagementToolCoordinator.lambda$process$1(SchemaManagementToolCoordinator.java:101) ~[hibernate-core-7.2.0.Final.jar!/:7.2.0.Final]
	at java.base/java.util.HashMap.forEach(HashMap.java:1429) ~[na:na]
	at org.hibernate.tool.schema.spi.SchemaManagementToolCoordinator.process(SchemaManagementToolCoordinator.java:100) ~[hibernate-core-7.2.0.Final.jar!/:7.2.0.Final]
	at org.hibernate.boot.internal.SessionFactoryObserverForSchemaExport.sessionFactoryCreated(SessionFactoryObserverForSchemaExport.java:35) ~[hibernate-core-7.2.0.Final.jar!/:7.2.0.Final]
	at org.hibernate.internal.SessionFactoryObserverChain.sessionFactoryCreated(SessionFactoryObserverChain.java:33) ~[hibernate-core-7.2.0.Final.jar!/:7.2.0.Final]
	at org.hibernate.internal.SessionFactoryImpl.<init>(SessionFactoryImpl.java:323) ~[hibernate-core-7.2.0.Final.jar!/:7.2.0.Final]
	at org.hibernate.internal.SessionFactoryRegistry.instantiateSessionFactory(SessionFactoryRegistry.java:64) ~[hibernate-core-7.2.0.Final.jar!/:7.2.0.Final]
	at org.hibernate.boot.internal.SessionFactoryBuilderImpl.build(SessionFactoryBuilderImpl.java:437) ~[hibernate-core-7.2.0.Final.jar!/:7.2.0.Final]
	at org.hibernate.jpa.boot.internal.EntityManagerFactoryBuilderImpl.build(EntityManagerFactoryBuilderImpl.java:1456) ~[hibernate-core-7.2.0.Final.jar!/:7.2.0.Final]
	at org.springframework.orm.jpa.vendor.SpringHibernateJpaPersistenceProvider.createContainerEntityManagerFactory(SpringHibernateJpaPersistenceProvider.java:66) ~[spring-orm-7.0.2.jar!/:7.0.2]
	at org.springframework.orm.jpa.LocalContainerEntityManagerFactoryBean.createNativeEntityManagerFactory(LocalContainerEntityManagerFactoryBean.java:433) ~[spring-orm-7.0.2.jar!/:7.0.2]
	at org.springframework.orm.jpa.AbstractEntityManagerFactoryBean.buildNativeEntityManagerFactory(AbstractEntityManagerFactoryBean.java:416) ~[spring-orm-7.0.2.jar!/:7.0.2]
	at org.springframework.orm.jpa.AbstractEntityManagerFactoryBean.afterPropertiesSet(AbstractEntityManagerFactoryBean.java:396) ~[spring-orm-7.0.2.jar!/:7.0.2]
	at org.springframework.orm.jpa.LocalContainerEntityManagerFactoryBean.afterPropertiesSet(LocalContainerEntityManagerFactoryBean.java:409) ~[spring-orm-7.0.2.jar!/:7.0.2]
	at org.springframework.beans.factory.support.AbstractAutowireCapableBeanFactory.invokeInitMethods(AbstractAutowireCapableBeanFactory.java:1864) ~[spring-beans-7.0.2.jar!/:7.0.2]
	at org.springframework.beans.factory.support.AbstractAutowireCapableBeanFactory.initializeBean(AbstractAutowireCapableBeanFactory.java:1813) ~[spring-beans-7.0.2.jar!/:7.0.2]
	at org.springframework.beans.factory.support.AbstractAutowireCapableBeanFactory.doCreateBean(AbstractAutowireCapableBeanFactory.java:603) ~[spring-beans-7.0.2.jar!/:7.0.2]
	at org.springframework.beans.factory.support.AbstractAutowireCapableBeanFactory.createBean(AbstractAutowireCapableBeanFactory.java:525) ~[spring-beans-7.0.2.jar!/:7.0.2]
	at org.springframework.beans.factory.support.AbstractBeanFactory.lambda$doGetBean$0(AbstractBeanFactory.java:333) ~[spring-beans-7.0.2.jar!/:7.0.2]
	at org.springframework.beans.factory.support.DefaultSingletonBeanRegistry.getSingleton(DefaultSingletonBeanRegistry.java:371) ~[spring-beans-7.0.2.jar!/:7.0.2]
	at org.springframework.beans.factory.support.AbstractBeanFactory.doGetBean(AbstractBeanFactory.java:331) ~[spring-beans-7.0.2.jar!/:7.0.2]
	at org.springframework.beans.factory.support.AbstractBeanFactory.getBean(AbstractBeanFactory.java:201) ~[spring-beans-7.0.2.jar!/:7.0.2]
	at org.springframework.context.support.AbstractApplicationContext.finishBeanFactoryInitialization(AbstractApplicationContext.java:976) ~[spring-context-7.0.2.jar!/:7.0.2]
	at org.springframework.context.support.AbstractApplicationContext.refresh(AbstractApplicationContext.java:620) ~[spring-context-7.0.2.jar!/:7.0.2]
	at org.springframework.boot.web.server.servlet.context.ServletWebServerApplicationContext.refresh(ServletWebServerApplicationContext.java:143) ~[spring-boot-web-server-4.0.1.jar!/:4.0.1]
	at org.springframework.boot.SpringApplication.refresh(SpringApplication.java:756) ~[spring-boot-4.0.1.jar!/:4.0.1]
	at org.springframework.boot.SpringApplication.refreshContext(SpringApplication.java:445) ~[spring-boot-4.0.1.jar!/:4.0.1]
	at org.springframework.boot.SpringApplication.run(SpringApplication.java:321) ~[spring-boot-4.0.1.jar!/:4.0.1]
	at org.springframework.boot.SpringApplication.run(SpringApplication.java:1365) ~[spring-boot-4.0.1.jar!/:4.0.1]
	at org.springframework.boot.SpringApplication.run(SpringApplication.java:1354) ~[spring-boot-4.0.1.jar!/:4.0.1]
	at com.travolish.traveller.TravellerServiceApplication.main(TravellerServiceApplication.java:10) ~[!/:0.0.1-SNAPSHOT]
	at java.base/jdk.internal.reflect.DirectMethodHandleAccessor.invoke(DirectMethodHandleAccessor.java:103) ~[na:na]
	at java.base/java.lang.reflect.Method.invoke(Method.java:580) ~[na:na]
	at org.springframework.boot.loader.launch.Launcher.launch(Launcher.java:106) ~[traveller-service-0.0.1-SNAPSHOT.jar:0.0.1-SNAPSHOT]
	at org.springframework.boot.loader.launch.Launcher.launch(Launcher.java:64) ~[traveller-service-0.0.1-SNAPSHOT.jar:0.0.1-SNAPSHOT]
	at org.springframework.boot.loader.launch.JarLauncher.main(JarLauncher.java:40) ~[traveller-service-0.0.1-SNAPSHOT.jar:0.0.1-SNAPSHOT]
Caused by: org.postgresql.util.PSQLException: ERROR: relation "idx_created_at" already exists
	at org.postgresql.core.v3.QueryExecutorImpl.receiveErrorResponse(QueryExecutorImpl.java:2712) ~[postgresql-42.7.1.jar!/:42.7.1]
	at org.postgresql.core.v3.QueryExecutorImpl.processResults(QueryExecutorImpl.java:2400) ~[postgresql-42.7.1.jar!/:42.7.1]
	at org.postgresql.core.v3.QueryExecutorImpl.execute(QueryExecutorImpl.java:367) ~[postgresql-42.7.1.jar!/:42.7.1]
	at org.postgresql.jdbc.PgStatement.executeInternal(PgStatement.java:498) ~[postgresql-42.7.1.jar!/:42.7.1]
	at org.postgresql.jdbc.PgStatement.execute(PgStatement.java:415) ~[postgresql-42.7.1.jar!/:42.7.1]
	at org.postgresql.jdbc.PgStatement.executeWithFlags(PgStatement.java:335) ~[postgresql-42.7.1.jar!/:42.7.1]
	at org.postgresql.jdbc.PgStatement.executeCachedSql(PgStatement.java:321) ~[postgresql-42.7.1.jar!/:42.7.1]
	at org.postgresql.jdbc.PgStatement.executeWithFlags(PgStatement.java:297) ~[postgresql-42.7.1.jar!/:42.7.1]
	at org.postgresql.jdbc.PgStatement.execute(PgStatement.java:292) ~[postgresql-42.7.1.jar!/:42.7.1]
	at com.zaxxer.hikari.pool.ProxyStatement.execute(ProxyStatement.java:95) ~[HikariCP-7.0.2.jar!/:na]
	at com.zaxxer.hikari.pool.HikariProxyStatement.execute(HikariProxyStatement.java) ~[HikariCP-7.0.2.jar!/:na]
	at org.hibernate.tool.schema.internal.exec.GenerationTargetToDatabase.accept(GenerationTargetToDatabase.java:76) ~[hibernate-core-7.2.0.Final.jar!/:7.2.0.Final]
	... 43 common frames omitted

2026-05-20T17:40:56.093+05:30 DEBUG 45004 --- [traveller-service] [           main] org.hibernate.SQL                        : 
    create index idx_created_at 
       on messages (created_at)
2026-05-20T17:40:56.173+05:30  WARN 45004 --- [traveller-service] [           main] o.h.t.s.i.ExceptionHandlerLoggedImpl     : GenerationTarget encountered exception accepting command : Error executing DDL "
    create index idx_created_at 
       on messages (created_at)" via JDBC [ERROR: relation "idx_created_at" already exists]

org.hibernate.tool.schema.spi.CommandAcceptanceException: Error executing DDL "
    create index idx_created_at 
       on messages (created_at)" via JDBC [ERROR: relation "idx_created_at" already exists]
	at org.hibernate.tool.schema.internal.exec.GenerationTargetToDatabase.accept(GenerationTargetToDatabase.java:81) ~[hibernate-core-7.2.0.Final.jar!/:7.2.0.Final]
	at org.hibernate.tool.schema.internal.AbstractSchemaMigrator.applySqlString(AbstractSchemaMigrator.java:566) ~[hibernate-core-7.2.0.Final.jar!/:7.2.0.Final]
	at org.hibernate.tool.schema.internal.AbstractSchemaMigrator.applySqlStrings(AbstractSchemaMigrator.java:506) ~[hibernate-core-7.2.0.Final.jar!/:7.2.0.Final]
	at org.hibernate.tool.schema.internal.AbstractSchemaMigrator.applyIndexes(AbstractSchemaMigrator.java:351) ~[hibernate-core-7.2.0.Final.jar!/:7.2.0.Final]
	at org.hibernate.tool.schema.internal.GroupedSchemaMigratorImpl.performTablesMigration(GroupedSchemaMigratorImpl.java:96) ~[hibernate-core-7.2.0.Final.jar!/:7.2.0.Final]
	at org.hibernate.tool.schema.internal.AbstractSchemaMigrator.performMigration(AbstractSchemaMigrator.java:220) ~[hibernate-core-7.2.0.Final.jar!/:7.2.0.Final]
	at org.hibernate.tool.schema.internal.AbstractSchemaMigrator.doMigration(AbstractSchemaMigrator.java:96) ~[hibernate-core-7.2.0.Final.jar!/:7.2.0.Final]
	at org.hibernate.tool.schema.spi.SchemaManagementToolCoordinator.performDatabaseAction(SchemaManagementToolCoordinator.java:269) ~[hibernate-core-7.2.0.Final.jar!/:7.2.0.Final]
	at org.hibernate.tool.schema.spi.SchemaManagementToolCoordinator.lambda$process$1(SchemaManagementToolCoordinator.java:101) ~[hibernate-core-7.2.0.Final.jar!/:7.2.0.Final]
	at java.base/java.util.HashMap.forEach(HashMap.java:1429) ~[na:na]
	at org.hibernate.tool.schema.spi.SchemaManagementToolCoordinator.process(SchemaManagementToolCoordinator.java:100) ~[hibernate-core-7.2.0.Final.jar!/:7.2.0.Final]
	at org.hibernate.boot.internal.SessionFactoryObserverForSchemaExport.sessionFactoryCreated(SessionFactoryObserverForSchemaExport.java:35) ~[hibernate-core-7.2.0.Final.jar!/:7.2.0.Final]
	at org.hibernate.internal.SessionFactoryObserverChain.sessionFactoryCreated(SessionFactoryObserverChain.java:33) ~[hibernate-core-7.2.0.Final.jar!/:7.2.0.Final]
	at org.hibernate.internal.SessionFactoryImpl.<init>(SessionFactoryImpl.java:323) ~[hibernate-core-7.2.0.Final.jar!/:7.2.0.Final]
	at org.hibernate.internal.SessionFactoryRegistry.instantiateSessionFactory(SessionFactoryRegistry.java:64) ~[hibernate-core-7.2.0.Final.jar!/:7.2.0.Final]
	at org.hibernate.boot.internal.SessionFactoryBuilderImpl.build(SessionFactoryBuilderImpl.java:437) ~[hibernate-core-7.2.0.Final.jar!/:7.2.0.Final]
	at org.hibernate.jpa.boot.internal.EntityManagerFactoryBuilderImpl.build(EntityManagerFactoryBuilderImpl.java:1456) ~[hibernate-core-7.2.0.Final.jar!/:7.2.0.Final]
	at org.springframework.orm.jpa.vendor.SpringHibernateJpaPersistenceProvider.createContainerEntityManagerFactory(SpringHibernateJpaPersistenceProvider.java:66) ~[spring-orm-7.0.2.jar!/:7.0.2]
	at org.springframework.orm.jpa.LocalContainerEntityManagerFactoryBean.createNativeEntityManagerFactory(LocalContainerEntityManagerFactoryBean.java:433) ~[spring-orm-7.0.2.jar!/:7.0.2]
	at org.springframework.orm.jpa.AbstractEntityManagerFactoryBean.buildNativeEntityManagerFactory(AbstractEntityManagerFactoryBean.java:416) ~[spring-orm-7.0.2.jar!/:7.0.2]
	at org.springframework.orm.jpa.AbstractEntityManagerFactoryBean.afterPropertiesSet(AbstractEntityManagerFactoryBean.java:396) ~[spring-orm-7.0.2.jar!/:7.0.2]
	at org.springframework.orm.jpa.LocalContainerEntityManagerFactoryBean.afterPropertiesSet(LocalContainerEntityManagerFactoryBean.java:409) ~[spring-orm-7.0.2.jar!/:7.0.2]
	at org.springframework.beans.factory.support.AbstractAutowireCapableBeanFactory.invokeInitMethods(AbstractAutowireCapableBeanFactory.java:1864) ~[spring-beans-7.0.2.jar!/:7.0.2]
	at org.springframework.beans.factory.support.AbstractAutowireCapableBeanFactory.initializeBean(AbstractAutowireCapableBeanFactory.java:1813) ~[spring-beans-7.0.2.jar!/:7.0.2]
	at org.springframework.beans.factory.support.AbstractAutowireCapableBeanFactory.doCreateBean(AbstractAutowireCapableBeanFactory.java:603) ~[spring-beans-7.0.2.jar!/:7.0.2]
	at org.springframework.beans.factory.support.AbstractAutowireCapableBeanFactory.createBean(AbstractAutowireCapableBeanFactory.java:525) ~[spring-beans-7.0.2.jar!/:7.0.2]
	at org.springframework.beans.factory.support.AbstractBeanFactory.lambda$doGetBean$0(AbstractBeanFactory.java:333) ~[spring-beans-7.0.2.jar!/:7.0.2]
	at org.springframework.beans.factory.support.DefaultSingletonBeanRegistry.getSingleton(DefaultSingletonBeanRegistry.java:371) ~[spring-beans-7.0.2.jar!/:7.0.2]
	at org.springframework.beans.factory.support.AbstractBeanFactory.doGetBean(AbstractBeanFactory.java:331) ~[spring-beans-7.0.2.jar!/:7.0.2]
	at org.springframework.beans.factory.support.AbstractBeanFactory.getBean(AbstractBeanFactory.java:201) ~[spring-beans-7.0.2.jar!/:7.0.2]
	at org.springframework.context.support.AbstractApplicationContext.finishBeanFactoryInitialization(AbstractApplicationContext.java:976) ~[spring-context-7.0.2.jar!/:7.0.2]
	at org.springframework.context.support.AbstractApplicationContext.refresh(AbstractApplicationContext.java:620) ~[spring-context-7.0.2.jar!/:7.0.2]
	at org.springframework.boot.web.server.servlet.context.ServletWebServerApplicationContext.refresh(ServletWebServerApplicationContext.java:143) ~[spring-boot-web-server-4.0.1.jar!/:4.0.1]
	at org.springframework.boot.SpringApplication.refresh(SpringApplication.java:756) ~[spring-boot-4.0.1.jar!/:4.0.1]
	at org.springframework.boot.SpringApplication.refreshContext(SpringApplication.java:445) ~[spring-boot-4.0.1.jar!/:4.0.1]
	at org.springframework.boot.SpringApplication.run(SpringApplication.java:321) ~[spring-boot-4.0.1.jar!/:4.0.1]
	at org.springframework.boot.SpringApplication.run(SpringApplication.java:1365) ~[spring-boot-4.0.1.jar!/:4.0.1]
	at org.springframework.boot.SpringApplication.run(SpringApplication.java:1354) ~[spring-boot-4.0.1.jar!/:4.0.1]
	at com.travolish.traveller.TravellerServiceApplication.main(TravellerServiceApplication.java:10) ~[!/:0.0.1-SNAPSHOT]
	at java.base/jdk.internal.reflect.DirectMethodHandleAccessor.invoke(DirectMethodHandleAccessor.java:103) ~[na:na]
	at java.base/java.lang.reflect.Method.invoke(Method.java:580) ~[na:na]
	at org.springframework.boot.loader.launch.Launcher.launch(Launcher.java:106) ~[traveller-service-0.0.1-SNAPSHOT.jar:0.0.1-SNAPSHOT]
	at org.springframework.boot.loader.launch.Launcher.launch(Launcher.java:64) ~[traveller-service-0.0.1-SNAPSHOT.jar:0.0.1-SNAPSHOT]
	at org.springframework.boot.loader.launch.JarLauncher.main(JarLauncher.java:40) ~[traveller-service-0.0.1-SNAPSHOT.jar:0.0.1-SNAPSHOT]
Caused by: org.postgresql.util.PSQLException: ERROR: relation "idx_created_at" already exists
	at org.postgresql.core.v3.QueryExecutorImpl.receiveErrorResponse(QueryExecutorImpl.java:2712) ~[postgresql-42.7.1.jar!/:42.7.1]
	at org.postgresql.core.v3.QueryExecutorImpl.processResults(QueryExecutorImpl.java:2400) ~[postgresql-42.7.1.jar!/:42.7.1]
	at org.postgresql.core.v3.QueryExecutorImpl.execute(QueryExecutorImpl.java:367) ~[postgresql-42.7.1.jar!/:42.7.1]
	at org.postgresql.jdbc.PgStatement.executeInternal(PgStatement.java:498) ~[postgresql-42.7.1.jar!/:42.7.1]
	at org.postgresql.jdbc.PgStatement.execute(PgStatement.java:415) ~[postgresql-42.7.1.jar!/:42.7.1]
	at org.postgresql.jdbc.PgStatement.executeWithFlags(PgStatement.java:335) ~[postgresql-42.7.1.jar!/:42.7.1]
	at org.postgresql.jdbc.PgStatement.executeCachedSql(PgStatement.java:321) ~[postgresql-42.7.1.jar!/:42.7.1]
	at org.postgresql.jdbc.PgStatement.executeWithFlags(PgStatement.java:297) ~[postgresql-42.7.1.jar!/:42.7.1]
	at org.postgresql.jdbc.PgStatement.execute(PgStatement.java:292) ~[postgresql-42.7.1.jar!/:42.7.1]
	at com.zaxxer.hikari.pool.ProxyStatement.execute(ProxyStatement.java:95) ~[HikariCP-7.0.2.jar!/:na]
	at com.zaxxer.hikari.pool.HikariProxyStatement.execute(HikariProxyStatement.java) ~[HikariCP-7.0.2.jar!/:na]
	at org.hibernate.tool.schema.internal.exec.GenerationTargetToDatabase.accept(GenerationTargetToDatabase.java:76) ~[hibernate-core-7.2.0.Final.jar!/:7.2.0.Final]
	... 43 common frames omitted

2026-05-20T17:40:56.175+05:30 DEBUG 45004 --- [traveller-service] [           main] org.hibernate.SQL                        : 
    create index idx_user_id 
       on payments (user_id)
2026-05-20T17:40:56.268+05:30  WARN 45004 --- [traveller-service] [           main] o.h.t.s.i.ExceptionHandlerLoggedImpl     : GenerationTarget encountered exception accepting command : Error executing DDL "
    create index idx_user_id 
       on payments (user_id)" via JDBC [ERROR: relation "idx_user_id" already exists]

org.hibernate.tool.schema.spi.CommandAcceptanceException: Error executing DDL "
    create index idx_user_id 
       on payments (user_id)" via JDBC [ERROR: relation "idx_user_id" already exists]
	at org.hibernate.tool.schema.internal.exec.GenerationTargetToDatabase.accept(GenerationTargetToDatabase.java:81) ~[hibernate-core-7.2.0.Final.jar!/:7.2.0.Final]
	at org.hibernate.tool.schema.internal.AbstractSchemaMigrator.applySqlString(AbstractSchemaMigrator.java:566) ~[hibernate-core-7.2.0.Final.jar!/:7.2.0.Final]
	at org.hibernate.tool.schema.internal.AbstractSchemaMigrator.applySqlStrings(AbstractSchemaMigrator.java:506) ~[hibernate-core-7.2.0.Final.jar!/:7.2.0.Final]
	at org.hibernate.tool.schema.internal.AbstractSchemaMigrator.applyIndexes(AbstractSchemaMigrator.java:351) ~[hibernate-core-7.2.0.Final.jar!/:7.2.0.Final]
	at org.hibernate.tool.schema.internal.GroupedSchemaMigratorImpl.performTablesMigration(GroupedSchemaMigratorImpl.java:96) ~[hibernate-core-7.2.0.Final.jar!/:7.2.0.Final]
	at org.hibernate.tool.schema.internal.AbstractSchemaMigrator.performMigration(AbstractSchemaMigrator.java:220) ~[hibernate-core-7.2.0.Final.jar!/:7.2.0.Final]
	at org.hibernate.tool.schema.internal.AbstractSchemaMigrator.doMigration(AbstractSchemaMigrator.java:96) ~[hibernate-core-7.2.0.Final.jar!/:7.2.0.Final]
	at org.hibernate.tool.schema.spi.SchemaManagementToolCoordinator.performDatabaseAction(SchemaManagementToolCoordinator.java:269) ~[hibernate-core-7.2.0.Final.jar!/:7.2.0.Final]
	at org.hibernate.tool.schema.spi.SchemaManagementToolCoordinator.lambda$process$1(SchemaManagementToolCoordinator.java:101) ~[hibernate-core-7.2.0.Final.jar!/:7.2.0.Final]
	at java.base/java.util.HashMap.forEach(HashMap.java:1429) ~[na:na]
	at org.hibernate.tool.schema.spi.SchemaManagementToolCoordinator.process(SchemaManagementToolCoordinator.java:100) ~[hibernate-core-7.2.0.Final.jar!/:7.2.0.Final]
	at org.hibernate.boot.internal.SessionFactoryObserverForSchemaExport.sessionFactoryCreated(SessionFactoryObserverForSchemaExport.java:35) ~[hibernate-core-7.2.0.Final.jar!/:7.2.0.Final]
	at org.hibernate.internal.SessionFactoryObserverChain.sessionFactoryCreated(SessionFactoryObserverChain.java:33) ~[hibernate-core-7.2.0.Final.jar!/:7.2.0.Final]
	at org.hibernate.internal.SessionFactoryImpl.<init>(SessionFactoryImpl.java:323) ~[hibernate-core-7.2.0.Final.jar!/:7.2.0.Final]
	at org.hibernate.internal.SessionFactoryRegistry.instantiateSessionFactory(SessionFactoryRegistry.java:64) ~[hibernate-core-7.2.0.Final.jar!/:7.2.0.Final]
	at org.hibernate.boot.internal.SessionFactoryBuilderImpl.build(SessionFactoryBuilderImpl.java:437) ~[hibernate-core-7.2.0.Final.jar!/:7.2.0.Final]
	at org.hibernate.jpa.boot.internal.EntityManagerFactoryBuilderImpl.build(EntityManagerFactoryBuilderImpl.java:1456) ~[hibernate-core-7.2.0.Final.jar!/:7.2.0.Final]
	at org.springframework.orm.jpa.vendor.SpringHibernateJpaPersistenceProvider.createContainerEntityManagerFactory(SpringHibernateJpaPersistenceProvider.java:66) ~[spring-orm-7.0.2.jar!/:7.0.2]
	at org.springframework.orm.jpa.LocalContainerEntityManagerFactoryBean.createNativeEntityManagerFactory(LocalContainerEntityManagerFactoryBean.java:433) ~[spring-orm-7.0.2.jar!/:7.0.2]
	at org.springframework.orm.jpa.AbstractEntityManagerFactoryBean.buildNativeEntityManagerFactory(AbstractEntityManagerFactoryBean.java:416) ~[spring-orm-7.0.2.jar!/:7.0.2]
	at org.springframework.orm.jpa.AbstractEntityManagerFactoryBean.afterPropertiesSet(AbstractEntityManagerFactoryBean.java:396) ~[spring-orm-7.0.2.jar!/:7.0.2]
	at org.springframework.orm.jpa.LocalContainerEntityManagerFactoryBean.afterPropertiesSet(LocalContainerEntityManagerFactoryBean.java:409) ~[spring-orm-7.0.2.jar!/:7.0.2]
	at org.springframework.beans.factory.support.AbstractAutowireCapableBeanFactory.invokeInitMethods(AbstractAutowireCapableBeanFactory.java:1864) ~[spring-beans-7.0.2.jar!/:7.0.2]
	at org.springframework.beans.factory.support.AbstractAutowireCapableBeanFactory.initializeBean(AbstractAutowireCapableBeanFactory.java:1813) ~[spring-beans-7.0.2.jar!/:7.0.2]
	at org.springframework.beans.factory.support.AbstractAutowireCapableBeanFactory.doCreateBean(AbstractAutowireCapableBeanFactory.java:603) ~[spring-beans-7.0.2.jar!/:7.0.2]
	at org.springframework.beans.factory.support.AbstractAutowireCapableBeanFactory.createBean(AbstractAutowireCapableBeanFactory.java:525) ~[spring-beans-7.0.2.jar!/:7.0.2]
	at org.springframework.beans.factory.support.AbstractBeanFactory.lambda$doGetBean$0(AbstractBeanFactory.java:333) ~[spring-beans-7.0.2.jar!/:7.0.2]
	at org.springframework.beans.factory.support.DefaultSingletonBeanRegistry.getSingleton(DefaultSingletonBeanRegistry.java:371) ~[spring-beans-7.0.2.jar!/:7.0.2]
	at org.springframework.beans.factory.support.AbstractBeanFactory.doGetBean(AbstractBeanFactory.java:331) ~[spring-beans-7.0.2.jar!/:7.0.2]
	at org.springframework.beans.factory.support.AbstractBeanFactory.getBean(AbstractBeanFactory.java:201) ~[spring-beans-7.0.2.jar!/:7.0.2]
	at org.springframework.context.support.AbstractApplicationContext.finishBeanFactoryInitialization(AbstractApplicationContext.java:976) ~[spring-context-7.0.2.jar!/:7.0.2]
	at org.springframework.context.support.AbstractApplicationContext.refresh(AbstractApplicationContext.java:620) ~[spring-context-7.0.2.jar!/:7.0.2]
	at org.springframework.boot.web.server.servlet.context.ServletWebServerApplicationContext.refresh(ServletWebServerApplicationContext.java:143) ~[spring-boot-web-server-4.0.1.jar!/:4.0.1]
	at org.springframework.boot.SpringApplication.refresh(SpringApplication.java:756) ~[spring-boot-4.0.1.jar!/:4.0.1]
	at org.springframework.boot.SpringApplication.refreshContext(SpringApplication.java:445) ~[spring-boot-4.0.1.jar!/:4.0.1]
	at org.springframework.boot.SpringApplication.run(SpringApplication.java:321) ~[spring-boot-4.0.1.jar!/:4.0.1]
	at org.springframework.boot.SpringApplication.run(SpringApplication.java:1365) ~[spring-boot-4.0.1.jar!/:4.0.1]
	at org.springframework.boot.SpringApplication.run(SpringApplication.java:1354) ~[spring-boot-4.0.1.jar!/:4.0.1]
	at com.travolish.traveller.TravellerServiceApplication.main(TravellerServiceApplication.java:10) ~[!/:0.0.1-SNAPSHOT]
	at java.base/jdk.internal.reflect.DirectMethodHandleAccessor.invoke(DirectMethodHandleAccessor.java:103) ~[na:na]
	at java.base/java.lang.reflect.Method.invoke(Method.java:580) ~[na:na]
	at org.springframework.boot.loader.launch.Launcher.launch(Launcher.java:106) ~[traveller-service-0.0.1-SNAPSHOT.jar:0.0.1-SNAPSHOT]
	at org.springframework.boot.loader.launch.Launcher.launch(Launcher.java:64) ~[traveller-service-0.0.1-SNAPSHOT.jar:0.0.1-SNAPSHOT]
	at org.springframework.boot.loader.launch.JarLauncher.main(JarLauncher.java:40) ~[traveller-service-0.0.1-SNAPSHOT.jar:0.0.1-SNAPSHOT]
Caused by: org.postgresql.util.PSQLException: ERROR: relation "idx_user_id" already exists
	at org.postgresql.core.v3.QueryExecutorImpl.receiveErrorResponse(QueryExecutorImpl.java:2712) ~[postgresql-42.7.1.jar!/:42.7.1]
	at org.postgresql.core.v3.QueryExecutorImpl.processResults(QueryExecutorImpl.java:2400) ~[postgresql-42.7.1.jar!/:42.7.1]
	at org.postgresql.core.v3.QueryExecutorImpl.execute(QueryExecutorImpl.java:367) ~[postgresql-42.7.1.jar!/:42.7.1]
	at org.postgresql.jdbc.PgStatement.executeInternal(PgStatement.java:498) ~[postgresql-42.7.1.jar!/:42.7.1]
	at org.postgresql.jdbc.PgStatement.execute(PgStatement.java:415) ~[postgresql-42.7.1.jar!/:42.7.1]
	at org.postgresql.jdbc.PgStatement.executeWithFlags(PgStatement.java:335) ~[postgresql-42.7.1.jar!/:42.7.1]
	at org.postgresql.jdbc.PgStatement.executeCachedSql(PgStatement.java:321) ~[postgresql-42.7.1.jar!/:42.7.1]
	at org.postgresql.jdbc.PgStatement.executeWithFlags(PgStatement.java:297) ~[postgresql-42.7.1.jar!/:42.7.1]
	at org.postgresql.jdbc.PgStatement.execute(PgStatement.java:292) ~[postgresql-42.7.1.jar!/:42.7.1]
	at com.zaxxer.hikari.pool.ProxyStatement.execute(ProxyStatement.java:95) ~[HikariCP-7.0.2.jar!/:na]
	at com.zaxxer.hikari.pool.HikariProxyStatement.execute(HikariProxyStatement.java) ~[HikariCP-7.0.2.jar!/:na]
	at org.hibernate.tool.schema.internal.exec.GenerationTargetToDatabase.accept(GenerationTargetToDatabase.java:76) ~[hibernate-core-7.2.0.Final.jar!/:7.2.0.Final]
	... 43 common frames omitted

2026-05-20T17:40:56.270+05:30 DEBUG 45004 --- [traveller-service] [           main] org.hibernate.SQL                        : 
    create index idx_booking_id 
       on payments (booking_id)
2026-05-20T17:40:56.353+05:30  WARN 45004 --- [traveller-service] [           main] o.h.t.s.i.ExceptionHandlerLoggedImpl     : GenerationTarget encountered exception accepting command : Error executing DDL "
    create index idx_booking_id 
       on payments (booking_id)" via JDBC [ERROR: relation "idx_booking_id" already exists]

org.hibernate.tool.schema.spi.CommandAcceptanceException: Error executing DDL "
    create index idx_booking_id 
       on payments (booking_id)" via JDBC [ERROR: relation "idx_booking_id" already exists]
	at org.hibernate.tool.schema.internal.exec.GenerationTargetToDatabase.accept(GenerationTargetToDatabase.java:81) ~[hibernate-core-7.2.0.Final.jar!/:7.2.0.Final]
	at org.hibernate.tool.schema.internal.AbstractSchemaMigrator.applySqlString(AbstractSchemaMigrator.java:566) ~[hibernate-core-7.2.0.Final.jar!/:7.2.0.Final]
	at org.hibernate.tool.schema.internal.AbstractSchemaMigrator.applySqlStrings(AbstractSchemaMigrator.java:506) ~[hibernate-core-7.2.0.Final.jar!/:7.2.0.Final]
	at org.hibernate.tool.schema.internal.AbstractSchemaMigrator.applyIndexes(AbstractSchemaMigrator.java:351) ~[hibernate-core-7.2.0.Final.jar!/:7.2.0.Final]
	at org.hibernate.tool.schema.internal.GroupedSchemaMigratorImpl.performTablesMigration(GroupedSchemaMigratorImpl.java:96) ~[hibernate-core-7.2.0.Final.jar!/:7.2.0.Final]
	at org.hibernate.tool.schema.internal.AbstractSchemaMigrator.performMigration(AbstractSchemaMigrator.java:220) ~[hibernate-core-7.2.0.Final.jar!/:7.2.0.Final]
	at org.hibernate.tool.schema.internal.AbstractSchemaMigrator.doMigration(AbstractSchemaMigrator.java:96) ~[hibernate-core-7.2.0.Final.jar!/:7.2.0.Final]
	at org.hibernate.tool.schema.spi.SchemaManagementToolCoordinator.performDatabaseAction(SchemaManagementToolCoordinator.java:269) ~[hibernate-core-7.2.0.Final.jar!/:7.2.0.Final]
	at org.hibernate.tool.schema.spi.SchemaManagementToolCoordinator.lambda$process$1(SchemaManagementToolCoordinator.java:101) ~[hibernate-core-7.2.0.Final.jar!/:7.2.0.Final]
	at java.base/java.util.HashMap.forEach(HashMap.java:1429) ~[na:na]
	at org.hibernate.tool.schema.spi.SchemaManagementToolCoordinator.process(SchemaManagementToolCoordinator.java:100) ~[hibernate-core-7.2.0.Final.jar!/:7.2.0.Final]
	at org.hibernate.boot.internal.SessionFactoryObserverForSchemaExport.sessionFactoryCreated(SessionFactoryObserverForSchemaExport.java:35) ~[hibernate-core-7.2.0.Final.jar!/:7.2.0.Final]
	at org.hibernate.internal.SessionFactoryObserverChain.sessionFactoryCreated(SessionFactoryObserverChain.java:33) ~[hibernate-core-7.2.0.Final.jar!/:7.2.0.Final]
	at org.hibernate.internal.SessionFactoryImpl.<init>(SessionFactoryImpl.java:323) ~[hibernate-core-7.2.0.Final.jar!/:7.2.0.Final]
	at org.hibernate.internal.SessionFactoryRegistry.instantiateSessionFactory(SessionFactoryRegistry.java:64) ~[hibernate-core-7.2.0.Final.jar!/:7.2.0.Final]
	at org.hibernate.boot.internal.SessionFactoryBuilderImpl.build(SessionFactoryBuilderImpl.java:437) ~[hibernate-core-7.2.0.Final.jar!/:7.2.0.Final]
	at org.hibernate.jpa.boot.internal.EntityManagerFactoryBuilderImpl.build(EntityManagerFactoryBuilderImpl.java:1456) ~[hibernate-core-7.2.0.Final.jar!/:7.2.0.Final]
	at org.springframework.orm.jpa.vendor.SpringHibernateJpaPersistenceProvider.createContainerEntityManagerFactory(SpringHibernateJpaPersistenceProvider.java:66) ~[spring-orm-7.0.2.jar!/:7.0.2]
	at org.springframework.orm.jpa.LocalContainerEntityManagerFactoryBean.createNativeEntityManagerFactory(LocalContainerEntityManagerFactoryBean.java:433) ~[spring-orm-7.0.2.jar!/:7.0.2]
	at org.springframework.orm.jpa.AbstractEntityManagerFactoryBean.buildNativeEntityManagerFactory(AbstractEntityManagerFactoryBean.java:416) ~[spring-orm-7.0.2.jar!/:7.0.2]
	at org.springframework.orm.jpa.AbstractEntityManagerFactoryBean.afterPropertiesSet(AbstractEntityManagerFactoryBean.java:396) ~[spring-orm-7.0.2.jar!/:7.0.2]
	at org.springframework.orm.jpa.LocalContainerEntityManagerFactoryBean.afterPropertiesSet(LocalContainerEntityManagerFactoryBean.java:409) ~[spring-orm-7.0.2.jar!/:7.0.2]
	at org.springframework.beans.factory.support.AbstractAutowireCapableBeanFactory.invokeInitMethods(AbstractAutowireCapableBeanFactory.java:1864) ~[spring-beans-7.0.2.jar!/:7.0.2]
	at org.springframework.beans.factory.support.AbstractAutowireCapableBeanFactory.initializeBean(AbstractAutowireCapableBeanFactory.java:1813) ~[spring-beans-7.0.2.jar!/:7.0.2]
	at org.springframework.beans.factory.support.AbstractAutowireCapableBeanFactory.doCreateBean(AbstractAutowireCapableBeanFactory.java:603) ~[spring-beans-7.0.2.jar!/:7.0.2]
	at org.springframework.beans.factory.support.AbstractAutowireCapableBeanFactory.createBean(AbstractAutowireCapableBeanFactory.java:525) ~[spring-beans-7.0.2.jar!/:7.0.2]
	at org.springframework.beans.factory.support.AbstractBeanFactory.lambda$doGetBean$0(AbstractBeanFactory.java:333) ~[spring-beans-7.0.2.jar!/:7.0.2]
	at org.springframework.beans.factory.support.DefaultSingletonBeanRegistry.getSingleton(DefaultSingletonBeanRegistry.java:371) ~[spring-beans-7.0.2.jar!/:7.0.2]
	at org.springframework.beans.factory.support.AbstractBeanFactory.doGetBean(AbstractBeanFactory.java:331) ~[spring-beans-7.0.2.jar!/:7.0.2]
	at org.springframework.beans.factory.support.AbstractBeanFactory.getBean(AbstractBeanFactory.java:201) ~[spring-beans-7.0.2.jar!/:7.0.2]
	at org.springframework.context.support.AbstractApplicationContext.finishBeanFactoryInitialization(AbstractApplicationContext.java:976) ~[spring-context-7.0.2.jar!/:7.0.2]
	at org.springframework.context.support.AbstractApplicationContext.refresh(AbstractApplicationContext.java:620) ~[spring-context-7.0.2.jar!/:7.0.2]
	at org.springframework.boot.web.server.servlet.context.ServletWebServerApplicationContext.refresh(ServletWebServerApplicationContext.java:143) ~[spring-boot-web-server-4.0.1.jar!/:4.0.1]
	at org.springframework.boot.SpringApplication.refresh(SpringApplication.java:756) ~[spring-boot-4.0.1.jar!/:4.0.1]
	at org.springframework.boot.SpringApplication.refreshContext(SpringApplication.java:445) ~[spring-boot-4.0.1.jar!/:4.0.1]
	at org.springframework.boot.SpringApplication.run(SpringApplication.java:321) ~[spring-boot-4.0.1.jar!/:4.0.1]
	at org.springframework.boot.SpringApplication.run(SpringApplication.java:1365) ~[spring-boot-4.0.1.jar!/:4.0.1]
	at org.springframework.boot.SpringApplication.run(SpringApplication.java:1354) ~[spring-boot-4.0.1.jar!/:4.0.1]
	at com.travolish.traveller.TravellerServiceApplication.main(TravellerServiceApplication.java:10) ~[!/:0.0.1-SNAPSHOT]
	at java.base/jdk.internal.reflect.DirectMethodHandleAccessor.invoke(DirectMethodHandleAccessor.java:103) ~[na:na]
	at java.base/java.lang.reflect.Method.invoke(Method.java:580) ~[na:na]
	at org.springframework.boot.loader.launch.Launcher.launch(Launcher.java:106) ~[traveller-service-0.0.1-SNAPSHOT.jar:0.0.1-SNAPSHOT]
	at org.springframework.boot.loader.launch.Launcher.launch(Launcher.java:64) ~[traveller-service-0.0.1-SNAPSHOT.jar:0.0.1-SNAPSHOT]
	at org.springframework.boot.loader.launch.JarLauncher.main(JarLauncher.java:40) ~[traveller-service-0.0.1-SNAPSHOT.jar:0.0.1-SNAPSHOT]
Caused by: org.postgresql.util.PSQLException: ERROR: relation "idx_booking_id" already exists
	at org.postgresql.core.v3.QueryExecutorImpl.receiveErrorResponse(QueryExecutorImpl.java:2712) ~[postgresql-42.7.1.jar!/:42.7.1]
	at org.postgresql.core.v3.QueryExecutorImpl.processResults(QueryExecutorImpl.java:2400) ~[postgresql-42.7.1.jar!/:42.7.1]
	at org.postgresql.core.v3.QueryExecutorImpl.execute(QueryExecutorImpl.java:367) ~[postgresql-42.7.1.jar!/:42.7.1]
	at org.postgresql.jdbc.PgStatement.executeInternal(PgStatement.java:498) ~[postgresql-42.7.1.jar!/:42.7.1]
	at org.postgresql.jdbc.PgStatement.execute(PgStatement.java:415) ~[postgresql-42.7.1.jar!/:42.7.1]
	at org.postgresql.jdbc.PgStatement.executeWithFlags(PgStatement.java:335) ~[postgresql-42.7.1.jar!/:42.7.1]
	at org.postgresql.jdbc.PgStatement.executeCachedSql(PgStatement.java:321) ~[postgresql-42.7.1.jar!/:42.7.1]
	at org.postgresql.jdbc.PgStatement.executeWithFlags(PgStatement.java:297) ~[postgresql-42.7.1.jar!/:42.7.1]
	at org.postgresql.jdbc.PgStatement.execute(PgStatement.java:292) ~[postgresql-42.7.1.jar!/:42.7.1]
	at com.zaxxer.hikari.pool.ProxyStatement.execute(ProxyStatement.java:95) ~[HikariCP-7.0.2.jar!/:na]
	at com.zaxxer.hikari.pool.HikariProxyStatement.execute(HikariProxyStatement.java) ~[HikariCP-7.0.2.jar!/:na]
	at org.hibernate.tool.schema.internal.exec.GenerationTargetToDatabase.accept(GenerationTargetToDatabase.java:76) ~[hibernate-core-7.2.0.Final.jar!/:7.2.0.Final]
	... 43 common frames omitted

2026-05-20T17:40:56.355+05:30 DEBUG 45004 --- [traveller-service] [           main] org.hibernate.SQL                        : 
    create index idx_host_id 
       on payouts (host_id)
2026-05-20T17:40:56.435+05:30  WARN 45004 --- [traveller-service] [           main] o.h.t.s.i.ExceptionHandlerLoggedImpl     : GenerationTarget encountered exception accepting command : Error executing DDL "
    create index idx_host_id 
       on payouts (host_id)" via JDBC [ERROR: relation "idx_host_id" already exists]

org.hibernate.tool.schema.spi.CommandAcceptanceException: Error executing DDL "
    create index idx_host_id 
       on payouts (host_id)" via JDBC [ERROR: relation "idx_host_id" already exists]
	at org.hibernate.tool.schema.internal.exec.GenerationTargetToDatabase.accept(GenerationTargetToDatabase.java:81) ~[hibernate-core-7.2.0.Final.jar!/:7.2.0.Final]
	at org.hibernate.tool.schema.internal.AbstractSchemaMigrator.applySqlString(AbstractSchemaMigrator.java:566) ~[hibernate-core-7.2.0.Final.jar!/:7.2.0.Final]
	at org.hibernate.tool.schema.internal.AbstractSchemaMigrator.applySqlStrings(AbstractSchemaMigrator.java:506) ~[hibernate-core-7.2.0.Final.jar!/:7.2.0.Final]
	at org.hibernate.tool.schema.internal.AbstractSchemaMigrator.applyIndexes(AbstractSchemaMigrator.java:351) ~[hibernate-core-7.2.0.Final.jar!/:7.2.0.Final]
	at org.hibernate.tool.schema.internal.GroupedSchemaMigratorImpl.performTablesMigration(GroupedSchemaMigratorImpl.java:96) ~[hibernate-core-7.2.0.Final.jar!/:7.2.0.Final]
	at org.hibernate.tool.schema.internal.AbstractSchemaMigrator.performMigration(AbstractSchemaMigrator.java:220) ~[hibernate-core-7.2.0.Final.jar!/:7.2.0.Final]
	at org.hibernate.tool.schema.internal.AbstractSchemaMigrator.doMigration(AbstractSchemaMigrator.java:96) ~[hibernate-core-7.2.0.Final.jar!/:7.2.0.Final]
	at org.hibernate.tool.schema.spi.SchemaManagementToolCoordinator.performDatabaseAction(SchemaManagementToolCoordinator.java:269) ~[hibernate-core-7.2.0.Final.jar!/:7.2.0.Final]
	at org.hibernate.tool.schema.spi.SchemaManagementToolCoordinator.lambda$process$1(SchemaManagementToolCoordinator.java:101) ~[hibernate-core-7.2.0.Final.jar!/:7.2.0.Final]
	at java.base/java.util.HashMap.forEach(HashMap.java:1429) ~[na:na]
	at org.hibernate.tool.schema.spi.SchemaManagementToolCoordinator.process(SchemaManagementToolCoordinator.java:100) ~[hibernate-core-7.2.0.Final.jar!/:7.2.0.Final]
	at org.hibernate.boot.internal.SessionFactoryObserverForSchemaExport.sessionFactoryCreated(SessionFactoryObserverForSchemaExport.java:35) ~[hibernate-core-7.2.0.Final.jar!/:7.2.0.Final]
	at org.hibernate.internal.SessionFactoryObserverChain.sessionFactoryCreated(SessionFactoryObserverChain.java:33) ~[hibernate-core-7.2.0.Final.jar!/:7.2.0.Final]
	at org.hibernate.internal.SessionFactoryImpl.<init>(SessionFactoryImpl.java:323) ~[hibernate-core-7.2.0.Final.jar!/:7.2.0.Final]
	at org.hibernate.internal.SessionFactoryRegistry.instantiateSessionFactory(SessionFactoryRegistry.java:64) ~[hibernate-core-7.2.0.Final.jar!/:7.2.0.Final]
	at org.hibernate.boot.internal.SessionFactoryBuilderImpl.build(SessionFactoryBuilderImpl.java:437) ~[hibernate-core-7.2.0.Final.jar!/:7.2.0.Final]
	at org.hibernate.jpa.boot.internal.EntityManagerFactoryBuilderImpl.build(EntityManagerFactoryBuilderImpl.java:1456) ~[hibernate-core-7.2.0.Final.jar!/:7.2.0.Final]
	at org.springframework.orm.jpa.vendor.SpringHibernateJpaPersistenceProvider.createContainerEntityManagerFactory(SpringHibernateJpaPersistenceProvider.java:66) ~[spring-orm-7.0.2.jar!/:7.0.2]
	at org.springframework.orm.jpa.LocalContainerEntityManagerFactoryBean.createNativeEntityManagerFactory(LocalContainerEntityManagerFactoryBean.java:433) ~[spring-orm-7.0.2.jar!/:7.0.2]
	at org.springframework.orm.jpa.AbstractEntityManagerFactoryBean.buildNativeEntityManagerFactory(AbstractEntityManagerFactoryBean.java:416) ~[spring-orm-7.0.2.jar!/:7.0.2]
	at org.springframework.orm.jpa.AbstractEntityManagerFactoryBean.afterPropertiesSet(AbstractEntityManagerFactoryBean.java:396) ~[spring-orm-7.0.2.jar!/:7.0.2]
	at org.springframework.orm.jpa.LocalContainerEntityManagerFactoryBean.afterPropertiesSet(LocalContainerEntityManagerFactoryBean.java:409) ~[spring-orm-7.0.2.jar!/:7.0.2]
	at org.springframework.beans.factory.support.AbstractAutowireCapableBeanFactory.invokeInitMethods(AbstractAutowireCapableBeanFactory.java:1864) ~[spring-beans-7.0.2.jar!/:7.0.2]
	at org.springframework.beans.factory.support.AbstractAutowireCapableBeanFactory.initializeBean(AbstractAutowireCapableBeanFactory.java:1813) ~[spring-beans-7.0.2.jar!/:7.0.2]
	at org.springframework.beans.factory.support.AbstractAutowireCapableBeanFactory.doCreateBean(AbstractAutowireCapableBeanFactory.java:603) ~[spring-beans-7.0.2.jar!/:7.0.2]
	at org.springframework.beans.factory.support.AbstractAutowireCapableBeanFactory.createBean(AbstractAutowireCapableBeanFactory.java:525) ~[spring-beans-7.0.2.jar!/:7.0.2]
	at org.springframework.beans.factory.support.AbstractBeanFactory.lambda$doGetBean$0(AbstractBeanFactory.java:333) ~[spring-beans-7.0.2.jar!/:7.0.2]
	at org.springframework.beans.factory.support.DefaultSingletonBeanRegistry.getSingleton(DefaultSingletonBeanRegistry.java:371) ~[spring-beans-7.0.2.jar!/:7.0.2]
	at org.springframework.beans.factory.support.AbstractBeanFactory.doGetBean(AbstractBeanFactory.java:331) ~[spring-beans-7.0.2.jar!/:7.0.2]
	at org.springframework.beans.factory.support.AbstractBeanFactory.getBean(AbstractBeanFactory.java:201) ~[spring-beans-7.0.2.jar!/:7.0.2]
	at org.springframework.context.support.AbstractApplicationContext.finishBeanFactoryInitialization(AbstractApplicationContext.java:976) ~[spring-context-7.0.2.jar!/:7.0.2]
	at org.springframework.context.support.AbstractApplicationContext.refresh(AbstractApplicationContext.java:620) ~[spring-context-7.0.2.jar!/:7.0.2]
	at org.springframework.boot.web.server.servlet.context.ServletWebServerApplicationContext.refresh(ServletWebServerApplicationContext.java:143) ~[spring-boot-web-server-4.0.1.jar!/:4.0.1]
	at org.springframework.boot.SpringApplication.refresh(SpringApplication.java:756) ~[spring-boot-4.0.1.jar!/:4.0.1]
	at org.springframework.boot.SpringApplication.refreshContext(SpringApplication.java:445) ~[spring-boot-4.0.1.jar!/:4.0.1]
	at org.springframework.boot.SpringApplication.run(SpringApplication.java:321) ~[spring-boot-4.0.1.jar!/:4.0.1]
	at org.springframework.boot.SpringApplication.run(SpringApplication.java:1365) ~[spring-boot-4.0.1.jar!/:4.0.1]
	at org.springframework.boot.SpringApplication.run(SpringApplication.java:1354) ~[spring-boot-4.0.1.jar!/:4.0.1]
	at com.travolish.traveller.TravellerServiceApplication.main(TravellerServiceApplication.java:10) ~[!/:0.0.1-SNAPSHOT]
	at java.base/jdk.internal.reflect.DirectMethodHandleAccessor.invoke(DirectMethodHandleAccessor.java:103) ~[na:na]
	at java.base/java.lang.reflect.Method.invoke(Method.java:580) ~[na:na]
	at org.springframework.boot.loader.launch.Launcher.launch(Launcher.java:106) ~[traveller-service-0.0.1-SNAPSHOT.jar:0.0.1-SNAPSHOT]
	at org.springframework.boot.loader.launch.Launcher.launch(Launcher.java:64) ~[traveller-service-0.0.1-SNAPSHOT.jar:0.0.1-SNAPSHOT]
	at org.springframework.boot.loader.launch.JarLauncher.main(JarLauncher.java:40) ~[traveller-service-0.0.1-SNAPSHOT.jar:0.0.1-SNAPSHOT]
Caused by: org.postgresql.util.PSQLException: ERROR: relation "idx_host_id" already exists
	at org.postgresql.core.v3.QueryExecutorImpl.receiveErrorResponse(QueryExecutorImpl.java:2712) ~[postgresql-42.7.1.jar!/:42.7.1]
	at org.postgresql.core.v3.QueryExecutorImpl.processResults(QueryExecutorImpl.java:2400) ~[postgresql-42.7.1.jar!/:42.7.1]
	at org.postgresql.core.v3.QueryExecutorImpl.execute(QueryExecutorImpl.java:367) ~[postgresql-42.7.1.jar!/:42.7.1]
	at org.postgresql.jdbc.PgStatement.executeInternal(PgStatement.java:498) ~[postgresql-42.7.1.jar!/:42.7.1]
	at org.postgresql.jdbc.PgStatement.execute(PgStatement.java:415) ~[postgresql-42.7.1.jar!/:42.7.1]
	at org.postgresql.jdbc.PgStatement.executeWithFlags(PgStatement.java:335) ~[postgresql-42.7.1.jar!/:42.7.1]
	at org.postgresql.jdbc.PgStatement.executeCachedSql(PgStatement.java:321) ~[postgresql-42.7.1.jar!/:42.7.1]
	at org.postgresql.jdbc.PgStatement.executeWithFlags(PgStatement.java:297) ~[postgresql-42.7.1.jar!/:42.7.1]
	at org.postgresql.jdbc.PgStatement.execute(PgStatement.java:292) ~[postgresql-42.7.1.jar!/:42.7.1]
	at com.zaxxer.hikari.pool.ProxyStatement.execute(ProxyStatement.java:95) ~[HikariCP-7.0.2.jar!/:na]
	at com.zaxxer.hikari.pool.HikariProxyStatement.execute(HikariProxyStatement.java) ~[HikariCP-7.0.2.jar!/:na]
	at org.hibernate.tool.schema.internal.exec.GenerationTargetToDatabase.accept(GenerationTargetToDatabase.java:76) ~[hibernate-core-7.2.0.Final.jar!/:7.2.0.Final]
	... 43 common frames omitted

2026-05-20T17:40:56.437+05:30 DEBUG 45004 --- [traveller-service] [           main] org.hibernate.SQL                        : 
    create index idx_user_id 
       on receipts (user_id)
2026-05-20T17:40:56.516+05:30  WARN 45004 --- [traveller-service] [           main] o.h.t.s.i.ExceptionHandlerLoggedImpl     : GenerationTarget encountered exception accepting command : Error executing DDL "
    create index idx_user_id 
       on receipts (user_id)" via JDBC [ERROR: relation "idx_user_id" already exists]

org.hibernate.tool.schema.spi.CommandAcceptanceException: Error executing DDL "
    create index idx_user_id 
       on receipts (user_id)" via JDBC [ERROR: relation "idx_user_id" already exists]
	at org.hibernate.tool.schema.internal.exec.GenerationTargetToDatabase.accept(GenerationTargetToDatabase.java:81) ~[hibernate-core-7.2.0.Final.jar!/:7.2.0.Final]
	at org.hibernate.tool.schema.internal.AbstractSchemaMigrator.applySqlString(AbstractSchemaMigrator.java:566) ~[hibernate-core-7.2.0.Final.jar!/:7.2.0.Final]
	at org.hibernate.tool.schema.internal.AbstractSchemaMigrator.applySqlStrings(AbstractSchemaMigrator.java:506) ~[hibernate-core-7.2.0.Final.jar!/:7.2.0.Final]
	at org.hibernate.tool.schema.internal.AbstractSchemaMigrator.applyIndexes(AbstractSchemaMigrator.java:351) ~[hibernate-core-7.2.0.Final.jar!/:7.2.0.Final]
	at org.hibernate.tool.schema.internal.GroupedSchemaMigratorImpl.performTablesMigration(GroupedSchemaMigratorImpl.java:96) ~[hibernate-core-7.2.0.Final.jar!/:7.2.0.Final]
	at org.hibernate.tool.schema.internal.AbstractSchemaMigrator.performMigration(AbstractSchemaMigrator.java:220) ~[hibernate-core-7.2.0.Final.jar!/:7.2.0.Final]
	at org.hibernate.tool.schema.internal.AbstractSchemaMigrator.doMigration(AbstractSchemaMigrator.java:96) ~[hibernate-core-7.2.0.Final.jar!/:7.2.0.Final]
	at org.hibernate.tool.schema.spi.SchemaManagementToolCoordinator.performDatabaseAction(SchemaManagementToolCoordinator.java:269) ~[hibernate-core-7.2.0.Final.jar!/:7.2.0.Final]
	at org.hibernate.tool.schema.spi.SchemaManagementToolCoordinator.lambda$process$1(SchemaManagementToolCoordinator.java:101) ~[hibernate-core-7.2.0.Final.jar!/:7.2.0.Final]
	at java.base/java.util.HashMap.forEach(HashMap.java:1429) ~[na:na]
	at org.hibernate.tool.schema.spi.SchemaManagementToolCoordinator.process(SchemaManagementToolCoordinator.java:100) ~[hibernate-core-7.2.0.Final.jar!/:7.2.0.Final]
	at org.hibernate.boot.internal.SessionFactoryObserverForSchemaExport.sessionFactoryCreated(SessionFactoryObserverForSchemaExport.java:35) ~[hibernate-core-7.2.0.Final.jar!/:7.2.0.Final]
	at org.hibernate.internal.SessionFactoryObserverChain.sessionFactoryCreated(SessionFactoryObserverChain.java:33) ~[hibernate-core-7.2.0.Final.jar!/:7.2.0.Final]
	at org.hibernate.internal.SessionFactoryImpl.<init>(SessionFactoryImpl.java:323) ~[hibernate-core-7.2.0.Final.jar!/:7.2.0.Final]
	at org.hibernate.internal.SessionFactoryRegistry.instantiateSessionFactory(SessionFactoryRegistry.java:64) ~[hibernate-core-7.2.0.Final.jar!/:7.2.0.Final]
	at org.hibernate.boot.internal.SessionFactoryBuilderImpl.build(SessionFactoryBuilderImpl.java:437) ~[hibernate-core-7.2.0.Final.jar!/:7.2.0.Final]
	at org.hibernate.jpa.boot.internal.EntityManagerFactoryBuilderImpl.build(EntityManagerFactoryBuilderImpl.java:1456) ~[hibernate-core-7.2.0.Final.jar!/:7.2.0.Final]
	at org.springframework.orm.jpa.vendor.SpringHibernateJpaPersistenceProvider.createContainerEntityManagerFactory(SpringHibernateJpaPersistenceProvider.java:66) ~[spring-orm-7.0.2.jar!/:7.0.2]
	at org.springframework.orm.jpa.LocalContainerEntityManagerFactoryBean.createNativeEntityManagerFactory(LocalContainerEntityManagerFactoryBean.java:433) ~[spring-orm-7.0.2.jar!/:7.0.2]
	at org.springframework.orm.jpa.AbstractEntityManagerFactoryBean.buildNativeEntityManagerFactory(AbstractEntityManagerFactoryBean.java:416) ~[spring-orm-7.0.2.jar!/:7.0.2]
	at org.springframework.orm.jpa.AbstractEntityManagerFactoryBean.afterPropertiesSet(AbstractEntityManagerFactoryBean.java:396) ~[spring-orm-7.0.2.jar!/:7.0.2]
	at org.springframework.orm.jpa.LocalContainerEntityManagerFactoryBean.afterPropertiesSet(LocalContainerEntityManagerFactoryBean.java:409) ~[spring-orm-7.0.2.jar!/:7.0.2]
	at org.springframework.beans.factory.support.AbstractAutowireCapableBeanFactory.invokeInitMethods(AbstractAutowireCapableBeanFactory.java:1864) ~[spring-beans-7.0.2.jar!/:7.0.2]
	at org.springframework.beans.factory.support.AbstractAutowireCapableBeanFactory.initializeBean(AbstractAutowireCapableBeanFactory.java:1813) ~[spring-beans-7.0.2.jar!/:7.0.2]
	at org.springframework.beans.factory.support.AbstractAutowireCapableBeanFactory.doCreateBean(AbstractAutowireCapableBeanFactory.java:603) ~[spring-beans-7.0.2.jar!/:7.0.2]
	at org.springframework.beans.factory.support.AbstractAutowireCapableBeanFactory.createBean(AbstractAutowireCapableBeanFactory.java:525) ~[spring-beans-7.0.2.jar!/:7.0.2]
	at org.springframework.beans.factory.support.AbstractBeanFactory.lambda$doGetBean$0(AbstractBeanFactory.java:333) ~[spring-beans-7.0.2.jar!/:7.0.2]
	at org.springframework.beans.factory.support.DefaultSingletonBeanRegistry.getSingleton(DefaultSingletonBeanRegistry.java:371) ~[spring-beans-7.0.2.jar!/:7.0.2]
	at org.springframework.beans.factory.support.AbstractBeanFactory.doGetBean(AbstractBeanFactory.java:331) ~[spring-beans-7.0.2.jar!/:7.0.2]
	at org.springframework.beans.factory.support.AbstractBeanFactory.getBean(AbstractBeanFactory.java:201) ~[spring-beans-7.0.2.jar!/:7.0.2]
	at org.springframework.context.support.AbstractApplicationContext.finishBeanFactoryInitialization(AbstractApplicationContext.java:976) ~[spring-context-7.0.2.jar!/:7.0.2]
	at org.springframework.context.support.AbstractApplicationContext.refresh(AbstractApplicationContext.java:620) ~[spring-context-7.0.2.jar!/:7.0.2]
	at org.springframework.boot.web.server.servlet.context.ServletWebServerApplicationContext.refresh(ServletWebServerApplicationContext.java:143) ~[spring-boot-web-server-4.0.1.jar!/:4.0.1]
	at org.springframework.boot.SpringApplication.refresh(SpringApplication.java:756) ~[spring-boot-4.0.1.jar!/:4.0.1]
	at org.springframework.boot.SpringApplication.refreshContext(SpringApplication.java:445) ~[spring-boot-4.0.1.jar!/:4.0.1]
	at org.springframework.boot.SpringApplication.run(SpringApplication.java:321) ~[spring-boot-4.0.1.jar!/:4.0.1]
	at org.springframework.boot.SpringApplication.run(SpringApplication.java:1365) ~[spring-boot-4.0.1.jar!/:4.0.1]
	at org.springframework.boot.SpringApplication.run(SpringApplication.java:1354) ~[spring-boot-4.0.1.jar!/:4.0.1]
	at com.travolish.traveller.TravellerServiceApplication.main(TravellerServiceApplication.java:10) ~[!/:0.0.1-SNAPSHOT]
	at java.base/jdk.internal.reflect.DirectMethodHandleAccessor.invoke(DirectMethodHandleAccessor.java:103) ~[na:na]
	at java.base/java.lang.reflect.Method.invoke(Method.java:580) ~[na:na]
	at org.springframework.boot.loader.launch.Launcher.launch(Launcher.java:106) ~[traveller-service-0.0.1-SNAPSHOT.jar:0.0.1-SNAPSHOT]
	at org.springframework.boot.loader.launch.Launcher.launch(Launcher.java:64) ~[traveller-service-0.0.1-SNAPSHOT.jar:0.0.1-SNAPSHOT]
	at org.springframework.boot.loader.launch.JarLauncher.main(JarLauncher.java:40) ~[traveller-service-0.0.1-SNAPSHOT.jar:0.0.1-SNAPSHOT]
Caused by: org.postgresql.util.PSQLException: ERROR: relation "idx_user_id" already exists
	at org.postgresql.core.v3.QueryExecutorImpl.receiveErrorResponse(QueryExecutorImpl.java:2712) ~[postgresql-42.7.1.jar!/:42.7.1]
	at org.postgresql.core.v3.QueryExecutorImpl.processResults(QueryExecutorImpl.java:2400) ~[postgresql-42.7.1.jar!/:42.7.1]
	at org.postgresql.core.v3.QueryExecutorImpl.execute(QueryExecutorImpl.java:367) ~[postgresql-42.7.1.jar!/:42.7.1]
	at org.postgresql.jdbc.PgStatement.executeInternal(PgStatement.java:498) ~[postgresql-42.7.1.jar!/:42.7.1]
	at org.postgresql.jdbc.PgStatement.execute(PgStatement.java:415) ~[postgresql-42.7.1.jar!/:42.7.1]
	at org.postgresql.jdbc.PgStatement.executeWithFlags(PgStatement.java:335) ~[postgresql-42.7.1.jar!/:42.7.1]
	at org.postgresql.jdbc.PgStatement.executeCachedSql(PgStatement.java:321) ~[postgresql-42.7.1.jar!/:42.7.1]
	at org.postgresql.jdbc.PgStatement.executeWithFlags(PgStatement.java:297) ~[postgresql-42.7.1.jar!/:42.7.1]
	at org.postgresql.jdbc.PgStatement.execute(PgStatement.java:292) ~[postgresql-42.7.1.jar!/:42.7.1]
	at com.zaxxer.hikari.pool.ProxyStatement.execute(ProxyStatement.java:95) ~[HikariCP-7.0.2.jar!/:na]
	at com.zaxxer.hikari.pool.HikariProxyStatement.execute(HikariProxyStatement.java) ~[HikariCP-7.0.2.jar!/:na]
	at org.hibernate.tool.schema.internal.exec.GenerationTargetToDatabase.accept(GenerationTargetToDatabase.java:76) ~[hibernate-core-7.2.0.Final.jar!/:7.2.0.Final]
	... 43 common frames omitted

2026-05-20T17:40:56.520+05:30 DEBUG 45004 --- [traveller-service] [           main] org.hibernate.SQL                        : 
    create index idx_booking_id 
       on receipts (booking_id)
2026-05-20T17:40:56.598+05:30  WARN 45004 --- [traveller-service] [           main] o.h.t.s.i.ExceptionHandlerLoggedImpl     : GenerationTarget encountered exception accepting command : Error executing DDL "
    create index idx_booking_id 
       on receipts (booking_id)" via JDBC [ERROR: relation "idx_booking_id" already exists]

org.hibernate.tool.schema.spi.CommandAcceptanceException: Error executing DDL "
    create index idx_booking_id 
       on receipts (booking_id)" via JDBC [ERROR: relation "idx_booking_id" already exists]
	at org.hibernate.tool.schema.internal.exec.GenerationTargetToDatabase.accept(GenerationTargetToDatabase.java:81) ~[hibernate-core-7.2.0.Final.jar!/:7.2.0.Final]
	at org.hibernate.tool.schema.internal.AbstractSchemaMigrator.applySqlString(AbstractSchemaMigrator.java:566) ~[hibernate-core-7.2.0.Final.jar!/:7.2.0.Final]
	at org.hibernate.tool.schema.internal.AbstractSchemaMigrator.applySqlStrings(AbstractSchemaMigrator.java:506) ~[hibernate-core-7.2.0.Final.jar!/:7.2.0.Final]
	at org.hibernate.tool.schema.internal.AbstractSchemaMigrator.applyIndexes(AbstractSchemaMigrator.java:351) ~[hibernate-core-7.2.0.Final.jar!/:7.2.0.Final]
	at org.hibernate.tool.schema.internal.GroupedSchemaMigratorImpl.performTablesMigration(GroupedSchemaMigratorImpl.java:96) ~[hibernate-core-7.2.0.Final.jar!/:7.2.0.Final]
	at org.hibernate.tool.schema.internal.AbstractSchemaMigrator.performMigration(AbstractSchemaMigrator.java:220) ~[hibernate-core-7.2.0.Final.jar!/:7.2.0.Final]
	at org.hibernate.tool.schema.internal.AbstractSchemaMigrator.doMigration(AbstractSchemaMigrator.java:96) ~[hibernate-core-7.2.0.Final.jar!/:7.2.0.Final]
	at org.hibernate.tool.schema.spi.SchemaManagementToolCoordinator.performDatabaseAction(SchemaManagementToolCoordinator.java:269) ~[hibernate-core-7.2.0.Final.jar!/:7.2.0.Final]
	at org.hibernate.tool.schema.spi.SchemaManagementToolCoordinator.lambda$process$1(SchemaManagementToolCoordinator.java:101) ~[hibernate-core-7.2.0.Final.jar!/:7.2.0.Final]
	at java.base/java.util.HashMap.forEach(HashMap.java:1429) ~[na:na]
	at org.hibernate.tool.schema.spi.SchemaManagementToolCoordinator.process(SchemaManagementToolCoordinator.java:100) ~[hibernate-core-7.2.0.Final.jar!/:7.2.0.Final]
	at org.hibernate.boot.internal.SessionFactoryObserverForSchemaExport.sessionFactoryCreated(SessionFactoryObserverForSchemaExport.java:35) ~[hibernate-core-7.2.0.Final.jar!/:7.2.0.Final]
	at org.hibernate.internal.SessionFactoryObserverChain.sessionFactoryCreated(SessionFactoryObserverChain.java:33) ~[hibernate-core-7.2.0.Final.jar!/:7.2.0.Final]
	at org.hibernate.internal.SessionFactoryImpl.<init>(SessionFactoryImpl.java:323) ~[hibernate-core-7.2.0.Final.jar!/:7.2.0.Final]
	at org.hibernate.internal.SessionFactoryRegistry.instantiateSessionFactory(SessionFactoryRegistry.java:64) ~[hibernate-core-7.2.0.Final.jar!/:7.2.0.Final]
	at org.hibernate.boot.internal.SessionFactoryBuilderImpl.build(SessionFactoryBuilderImpl.java:437) ~[hibernate-core-7.2.0.Final.jar!/:7.2.0.Final]
	at org.hibernate.jpa.boot.internal.EntityManagerFactoryBuilderImpl.build(EntityManagerFactoryBuilderImpl.java:1456) ~[hibernate-core-7.2.0.Final.jar!/:7.2.0.Final]
	at org.springframework.orm.jpa.vendor.SpringHibernateJpaPersistenceProvider.createContainerEntityManagerFactory(SpringHibernateJpaPersistenceProvider.java:66) ~[spring-orm-7.0.2.jar!/:7.0.2]
	at org.springframework.orm.jpa.LocalContainerEntityManagerFactoryBean.createNativeEntityManagerFactory(LocalContainerEntityManagerFactoryBean.java:433) ~[spring-orm-7.0.2.jar!/:7.0.2]
	at org.springframework.orm.jpa.AbstractEntityManagerFactoryBean.buildNativeEntityManagerFactory(AbstractEntityManagerFactoryBean.java:416) ~[spring-orm-7.0.2.jar!/:7.0.2]
	at org.springframework.orm.jpa.AbstractEntityManagerFactoryBean.afterPropertiesSet(AbstractEntityManagerFactoryBean.java:396) ~[spring-orm-7.0.2.jar!/:7.0.2]
	at org.springframework.orm.jpa.LocalContainerEntityManagerFactoryBean.afterPropertiesSet(LocalContainerEntityManagerFactoryBean.java:409) ~[spring-orm-7.0.2.jar!/:7.0.2]
	at org.springframework.beans.factory.support.AbstractAutowireCapableBeanFactory.invokeInitMethods(AbstractAutowireCapableBeanFactory.java:1864) ~[spring-beans-7.0.2.jar!/:7.0.2]
	at org.springframework.beans.factory.support.AbstractAutowireCapableBeanFactory.initializeBean(AbstractAutowireCapableBeanFactory.java:1813) ~[spring-beans-7.0.2.jar!/:7.0.2]
	at org.springframework.beans.factory.support.AbstractAutowireCapableBeanFactory.doCreateBean(AbstractAutowireCapableBeanFactory.java:603) ~[spring-beans-7.0.2.jar!/:7.0.2]
	at org.springframework.beans.factory.support.AbstractAutowireCapableBeanFactory.createBean(AbstractAutowireCapableBeanFactory.java:525) ~[spring-beans-7.0.2.jar!/:7.0.2]
	at org.springframework.beans.factory.support.AbstractBeanFactory.lambda$doGetBean$0(AbstractBeanFactory.java:333) ~[spring-beans-7.0.2.jar!/:7.0.2]
	at org.springframework.beans.factory.support.DefaultSingletonBeanRegistry.getSingleton(DefaultSingletonBeanRegistry.java:371) ~[spring-beans-7.0.2.jar!/:7.0.2]
	at org.springframework.beans.factory.support.AbstractBeanFactory.doGetBean(AbstractBeanFactory.java:331) ~[spring-beans-7.0.2.jar!/:7.0.2]
	at org.springframework.beans.factory.support.AbstractBeanFactory.getBean(AbstractBeanFactory.java:201) ~[spring-beans-7.0.2.jar!/:7.0.2]
	at org.springframework.context.support.AbstractApplicationContext.finishBeanFactoryInitialization(AbstractApplicationContext.java:976) ~[spring-context-7.0.2.jar!/:7.0.2]
	at org.springframework.context.support.AbstractApplicationContext.refresh(AbstractApplicationContext.java:620) ~[spring-context-7.0.2.jar!/:7.0.2]
	at org.springframework.boot.web.server.servlet.context.ServletWebServerApplicationContext.refresh(ServletWebServerApplicationContext.java:143) ~[spring-boot-web-server-4.0.1.jar!/:4.0.1]
	at org.springframework.boot.SpringApplication.refresh(SpringApplication.java:756) ~[spring-boot-4.0.1.jar!/:4.0.1]
	at org.springframework.boot.SpringApplication.refreshContext(SpringApplication.java:445) ~[spring-boot-4.0.1.jar!/:4.0.1]
	at org.springframework.boot.SpringApplication.run(SpringApplication.java:321) ~[spring-boot-4.0.1.jar!/:4.0.1]
	at org.springframework.boot.SpringApplication.run(SpringApplication.java:1365) ~[spring-boot-4.0.1.jar!/:4.0.1]
	at org.springframework.boot.SpringApplication.run(SpringApplication.java:1354) ~[spring-boot-4.0.1.jar!/:4.0.1]
	at com.travolish.traveller.TravellerServiceApplication.main(TravellerServiceApplication.java:10) ~[!/:0.0.1-SNAPSHOT]
	at java.base/jdk.internal.reflect.DirectMethodHandleAccessor.invoke(DirectMethodHandleAccessor.java:103) ~[na:na]
	at java.base/java.lang.reflect.Method.invoke(Method.java:580) ~[na:na]
	at org.springframework.boot.loader.launch.Launcher.launch(Launcher.java:106) ~[traveller-service-0.0.1-SNAPSHOT.jar:0.0.1-SNAPSHOT]
	at org.springframework.boot.loader.launch.Launcher.launch(Launcher.java:64) ~[traveller-service-0.0.1-SNAPSHOT.jar:0.0.1-SNAPSHOT]
	at org.springframework.boot.loader.launch.JarLauncher.main(JarLauncher.java:40) ~[traveller-service-0.0.1-SNAPSHOT.jar:0.0.1-SNAPSHOT]
Caused by: org.postgresql.util.PSQLException: ERROR: relation "idx_booking_id" already exists
	at org.postgresql.core.v3.QueryExecutorImpl.receiveErrorResponse(QueryExecutorImpl.java:2712) ~[postgresql-42.7.1.jar!/:42.7.1]
	at org.postgresql.core.v3.QueryExecutorImpl.processResults(QueryExecutorImpl.java:2400) ~[postgresql-42.7.1.jar!/:42.7.1]
	at org.postgresql.core.v3.QueryExecutorImpl.execute(QueryExecutorImpl.java:367) ~[postgresql-42.7.1.jar!/:42.7.1]
	at org.postgresql.jdbc.PgStatement.executeInternal(PgStatement.java:498) ~[postgresql-42.7.1.jar!/:42.7.1]
	at org.postgresql.jdbc.PgStatement.execute(PgStatement.java:415) ~[postgresql-42.7.1.jar!/:42.7.1]
	at org.postgresql.jdbc.PgStatement.executeWithFlags(PgStatement.java:335) ~[postgresql-42.7.1.jar!/:42.7.1]
	at org.postgresql.jdbc.PgStatement.executeCachedSql(PgStatement.java:321) ~[postgresql-42.7.1.jar!/:42.7.1]
	at org.postgresql.jdbc.PgStatement.executeWithFlags(PgStatement.java:297) ~[postgresql-42.7.1.jar!/:42.7.1]
	at org.postgresql.jdbc.PgStatement.execute(PgStatement.java:292) ~[postgresql-42.7.1.jar!/:42.7.1]
	at com.zaxxer.hikari.pool.ProxyStatement.execute(ProxyStatement.java:95) ~[HikariCP-7.0.2.jar!/:na]
	at com.zaxxer.hikari.pool.HikariProxyStatement.execute(HikariProxyStatement.java) ~[HikariCP-7.0.2.jar!/:na]
	at org.hibernate.tool.schema.internal.exec.GenerationTargetToDatabase.accept(GenerationTargetToDatabase.java:76) ~[hibernate-core-7.2.0.Final.jar!/:7.2.0.Final]
	... 43 common frames omitted

2026-05-20T17:40:56.601+05:30 DEBUG 45004 --- [traveller-service] [           main] org.hibernate.SQL                        : 
    create index idx_created_date 
       on receipts (created_at)
2026-05-20T17:40:56.682+05:30  WARN 45004 --- [traveller-service] [           main] o.h.t.s.i.ExceptionHandlerLoggedImpl     : GenerationTarget encountered exception accepting command : Error executing DDL "
    create index idx_created_date 
       on receipts (created_at)" via JDBC [ERROR: relation "idx_created_date" already exists]

org.hibernate.tool.schema.spi.CommandAcceptanceException: Error executing DDL "
    create index idx_created_date 
       on receipts (created_at)" via JDBC [ERROR: relation "idx_created_date" already exists]
	at org.hibernate.tool.schema.internal.exec.GenerationTargetToDatabase.accept(GenerationTargetToDatabase.java:81) ~[hibernate-core-7.2.0.Final.jar!/:7.2.0.Final]
	at org.hibernate.tool.schema.internal.AbstractSchemaMigrator.applySqlString(AbstractSchemaMigrator.java:566) ~[hibernate-core-7.2.0.Final.jar!/:7.2.0.Final]
	at org.hibernate.tool.schema.internal.AbstractSchemaMigrator.applySqlStrings(AbstractSchemaMigrator.java:506) ~[hibernate-core-7.2.0.Final.jar!/:7.2.0.Final]
	at org.hibernate.tool.schema.internal.AbstractSchemaMigrator.applyIndexes(AbstractSchemaMigrator.java:351) ~[hibernate-core-7.2.0.Final.jar!/:7.2.0.Final]
	at org.hibernate.tool.schema.internal.GroupedSchemaMigratorImpl.performTablesMigration(GroupedSchemaMigratorImpl.java:96) ~[hibernate-core-7.2.0.Final.jar!/:7.2.0.Final]
	at org.hibernate.tool.schema.internal.AbstractSchemaMigrator.performMigration(AbstractSchemaMigrator.java:220) ~[hibernate-core-7.2.0.Final.jar!/:7.2.0.Final]
	at org.hibernate.tool.schema.internal.AbstractSchemaMigrator.doMigration(AbstractSchemaMigrator.java:96) ~[hibernate-core-7.2.0.Final.jar!/:7.2.0.Final]
	at org.hibernate.tool.schema.spi.SchemaManagementToolCoordinator.performDatabaseAction(SchemaManagementToolCoordinator.java:269) ~[hibernate-core-7.2.0.Final.jar!/:7.2.0.Final]
	at org.hibernate.tool.schema.spi.SchemaManagementToolCoordinator.lambda$process$1(SchemaManagementToolCoordinator.java:101) ~[hibernate-core-7.2.0.Final.jar!/:7.2.0.Final]
	at java.base/java.util.HashMap.forEach(HashMap.java:1429) ~[na:na]
	at org.hibernate.tool.schema.spi.SchemaManagementToolCoordinator.process(SchemaManagementToolCoordinator.java:100) ~[hibernate-core-7.2.0.Final.jar!/:7.2.0.Final]
	at org.hibernate.boot.internal.SessionFactoryObserverForSchemaExport.sessionFactoryCreated(SessionFactoryObserverForSchemaExport.java:35) ~[hibernate-core-7.2.0.Final.jar!/:7.2.0.Final]
	at org.hibernate.internal.SessionFactoryObserverChain.sessionFactoryCreated(SessionFactoryObserverChain.java:33) ~[hibernate-core-7.2.0.Final.jar!/:7.2.0.Final]
	at org.hibernate.internal.SessionFactoryImpl.<init>(SessionFactoryImpl.java:323) ~[hibernate-core-7.2.0.Final.jar!/:7.2.0.Final]
	at org.hibernate.internal.SessionFactoryRegistry.instantiateSessionFactory(SessionFactoryRegistry.java:64) ~[hibernate-core-7.2.0.Final.jar!/:7.2.0.Final]
	at org.hibernate.boot.internal.SessionFactoryBuilderImpl.build(SessionFactoryBuilderImpl.java:437) ~[hibernate-core-7.2.0.Final.jar!/:7.2.0.Final]
	at org.hibernate.jpa.boot.internal.EntityManagerFactoryBuilderImpl.build(EntityManagerFactoryBuilderImpl.java:1456) ~[hibernate-core-7.2.0.Final.jar!/:7.2.0.Final]
	at org.springframework.orm.jpa.vendor.SpringHibernateJpaPersistenceProvider.createContainerEntityManagerFactory(SpringHibernateJpaPersistenceProvider.java:66) ~[spring-orm-7.0.2.jar!/:7.0.2]
	at org.springframework.orm.jpa.LocalContainerEntityManagerFactoryBean.createNativeEntityManagerFactory(LocalContainerEntityManagerFactoryBean.java:433) ~[spring-orm-7.0.2.jar!/:7.0.2]
	at org.springframework.orm.jpa.AbstractEntityManagerFactoryBean.buildNativeEntityManagerFactory(AbstractEntityManagerFactoryBean.java:416) ~[spring-orm-7.0.2.jar!/:7.0.2]
	at org.springframework.orm.jpa.AbstractEntityManagerFactoryBean.afterPropertiesSet(AbstractEntityManagerFactoryBean.java:396) ~[spring-orm-7.0.2.jar!/:7.0.2]
	at org.springframework.orm.jpa.LocalContainerEntityManagerFactoryBean.afterPropertiesSet(LocalContainerEntityManagerFactoryBean.java:409) ~[spring-orm-7.0.2.jar!/:7.0.2]
	at org.springframework.beans.factory.support.AbstractAutowireCapableBeanFactory.invokeInitMethods(AbstractAutowireCapableBeanFactory.java:1864) ~[spring-beans-7.0.2.jar!/:7.0.2]
	at org.springframework.beans.factory.support.AbstractAutowireCapableBeanFactory.initializeBean(AbstractAutowireCapableBeanFactory.java:1813) ~[spring-beans-7.0.2.jar!/:7.0.2]
	at org.springframework.beans.factory.support.AbstractAutowireCapableBeanFactory.doCreateBean(AbstractAutowireCapableBeanFactory.java:603) ~[spring-beans-7.0.2.jar!/:7.0.2]
	at org.springframework.beans.factory.support.AbstractAutowireCapableBeanFactory.createBean(AbstractAutowireCapableBeanFactory.java:525) ~[spring-beans-7.0.2.jar!/:7.0.2]
	at org.springframework.beans.factory.support.AbstractBeanFactory.lambda$doGetBean$0(AbstractBeanFactory.java:333) ~[spring-beans-7.0.2.jar!/:7.0.2]
	at org.springframework.beans.factory.support.DefaultSingletonBeanRegistry.getSingleton(DefaultSingletonBeanRegistry.java:371) ~[spring-beans-7.0.2.jar!/:7.0.2]
	at org.springframework.beans.factory.support.AbstractBeanFactory.doGetBean(AbstractBeanFactory.java:331) ~[spring-beans-7.0.2.jar!/:7.0.2]
	at org.springframework.beans.factory.support.AbstractBeanFactory.getBean(AbstractBeanFactory.java:201) ~[spring-beans-7.0.2.jar!/:7.0.2]
	at org.springframework.context.support.AbstractApplicationContext.finishBeanFactoryInitialization(AbstractApplicationContext.java:976) ~[spring-context-7.0.2.jar!/:7.0.2]
	at org.springframework.context.support.AbstractApplicationContext.refresh(AbstractApplicationContext.java:620) ~[spring-context-7.0.2.jar!/:7.0.2]
	at org.springframework.boot.web.server.servlet.context.ServletWebServerApplicationContext.refresh(ServletWebServerApplicationContext.java:143) ~[spring-boot-web-server-4.0.1.jar!/:4.0.1]
	at org.springframework.boot.SpringApplication.refresh(SpringApplication.java:756) ~[spring-boot-4.0.1.jar!/:4.0.1]
	at org.springframework.boot.SpringApplication.refreshContext(SpringApplication.java:445) ~[spring-boot-4.0.1.jar!/:4.0.1]
	at org.springframework.boot.SpringApplication.run(SpringApplication.java:321) ~[spring-boot-4.0.1.jar!/:4.0.1]
	at org.springframework.boot.SpringApplication.run(SpringApplication.java:1365) ~[spring-boot-4.0.1.jar!/:4.0.1]
	at org.springframework.boot.SpringApplication.run(SpringApplication.java:1354) ~[spring-boot-4.0.1.jar!/:4.0.1]
	at com.travolish.traveller.TravellerServiceApplication.main(TravellerServiceApplication.java:10) ~[!/:0.0.1-SNAPSHOT]
	at java.base/jdk.internal.reflect.DirectMethodHandleAccessor.invoke(DirectMethodHandleAccessor.java:103) ~[na:na]
	at java.base/java.lang.reflect.Method.invoke(Method.java:580) ~[na:na]
	at org.springframework.boot.loader.launch.Launcher.launch(Launcher.java:106) ~[traveller-service-0.0.1-SNAPSHOT.jar:0.0.1-SNAPSHOT]
	at org.springframework.boot.loader.launch.Launcher.launch(Launcher.java:64) ~[traveller-service-0.0.1-SNAPSHOT.jar:0.0.1-SNAPSHOT]
	at org.springframework.boot.loader.launch.JarLauncher.main(JarLauncher.java:40) ~[traveller-service-0.0.1-SNAPSHOT.jar:0.0.1-SNAPSHOT]
Caused by: org.postgresql.util.PSQLException: ERROR: relation "idx_created_date" already exists
	at org.postgresql.core.v3.QueryExecutorImpl.receiveErrorResponse(QueryExecutorImpl.java:2712) ~[postgresql-42.7.1.jar!/:42.7.1]
	at org.postgresql.core.v3.QueryExecutorImpl.processResults(QueryExecutorImpl.java:2400) ~[postgresql-42.7.1.jar!/:42.7.1]
	at org.postgresql.core.v3.QueryExecutorImpl.execute(QueryExecutorImpl.java:367) ~[postgresql-42.7.1.jar!/:42.7.1]
	at org.postgresql.jdbc.PgStatement.executeInternal(PgStatement.java:498) ~[postgresql-42.7.1.jar!/:42.7.1]
	at org.postgresql.jdbc.PgStatement.execute(PgStatement.java:415) ~[postgresql-42.7.1.jar!/:42.7.1]
	at org.postgresql.jdbc.PgStatement.executeWithFlags(PgStatement.java:335) ~[postgresql-42.7.1.jar!/:42.7.1]
	at org.postgresql.jdbc.PgStatement.executeCachedSql(PgStatement.java:321) ~[postgresql-42.7.1.jar!/:42.7.1]
	at org.postgresql.jdbc.PgStatement.executeWithFlags(PgStatement.java:297) ~[postgresql-42.7.1.jar!/:42.7.1]
	at org.postgresql.jdbc.PgStatement.execute(PgStatement.java:292) ~[postgresql-42.7.1.jar!/:42.7.1]
	at com.zaxxer.hikari.pool.ProxyStatement.execute(ProxyStatement.java:95) ~[HikariCP-7.0.2.jar!/:na]
	at com.zaxxer.hikari.pool.HikariProxyStatement.execute(HikariProxyStatement.java) ~[HikariCP-7.0.2.jar!/:na]
	at org.hibernate.tool.schema.internal.exec.GenerationTargetToDatabase.accept(GenerationTargetToDatabase.java:76) ~[hibernate-core-7.2.0.Final.jar!/:7.2.0.Final]
	... 43 common frames omitted

2026-05-20T17:40:56.683+05:30 DEBUG 45004 --- [traveller-service] [           main] org.hibernate.SQL                        : 
    create index idx_payment_id 
       on refunds (payment_id)
2026-05-20T17:40:56.768+05:30  WARN 45004 --- [traveller-service] [           main] o.h.t.s.i.ExceptionHandlerLoggedImpl     : GenerationTarget encountered exception accepting command : Error executing DDL "
    create index idx_payment_id 
       on refunds (payment_id)" via JDBC [ERROR: relation "idx_payment_id" already exists]

org.hibernate.tool.schema.spi.CommandAcceptanceException: Error executing DDL "
    create index idx_payment_id 
       on refunds (payment_id)" via JDBC [ERROR: relation "idx_payment_id" already exists]
	at org.hibernate.tool.schema.internal.exec.GenerationTargetToDatabase.accept(GenerationTargetToDatabase.java:81) ~[hibernate-core-7.2.0.Final.jar!/:7.2.0.Final]
	at org.hibernate.tool.schema.internal.AbstractSchemaMigrator.applySqlString(AbstractSchemaMigrator.java:566) ~[hibernate-core-7.2.0.Final.jar!/:7.2.0.Final]
	at org.hibernate.tool.schema.internal.AbstractSchemaMigrator.applySqlStrings(AbstractSchemaMigrator.java:506) ~[hibernate-core-7.2.0.Final.jar!/:7.2.0.Final]
	at org.hibernate.tool.schema.internal.AbstractSchemaMigrator.applyIndexes(AbstractSchemaMigrator.java:351) ~[hibernate-core-7.2.0.Final.jar!/:7.2.0.Final]
	at org.hibernate.tool.schema.internal.GroupedSchemaMigratorImpl.performTablesMigration(GroupedSchemaMigratorImpl.java:96) ~[hibernate-core-7.2.0.Final.jar!/:7.2.0.Final]
	at org.hibernate.tool.schema.internal.AbstractSchemaMigrator.performMigration(AbstractSchemaMigrator.java:220) ~[hibernate-core-7.2.0.Final.jar!/:7.2.0.Final]
	at org.hibernate.tool.schema.internal.AbstractSchemaMigrator.doMigration(AbstractSchemaMigrator.java:96) ~[hibernate-core-7.2.0.Final.jar!/:7.2.0.Final]
	at org.hibernate.tool.schema.spi.SchemaManagementToolCoordinator.performDatabaseAction(SchemaManagementToolCoordinator.java:269) ~[hibernate-core-7.2.0.Final.jar!/:7.2.0.Final]
	at org.hibernate.tool.schema.spi.SchemaManagementToolCoordinator.lambda$process$1(SchemaManagementToolCoordinator.java:101) ~[hibernate-core-7.2.0.Final.jar!/:7.2.0.Final]
	at java.base/java.util.HashMap.forEach(HashMap.java:1429) ~[na:na]
	at org.hibernate.tool.schema.spi.SchemaManagementToolCoordinator.process(SchemaManagementToolCoordinator.java:100) ~[hibernate-core-7.2.0.Final.jar!/:7.2.0.Final]
	at org.hibernate.boot.internal.SessionFactoryObserverForSchemaExport.sessionFactoryCreated(SessionFactoryObserverForSchemaExport.java:35) ~[hibernate-core-7.2.0.Final.jar!/:7.2.0.Final]
	at org.hibernate.internal.SessionFactoryObserverChain.sessionFactoryCreated(SessionFactoryObserverChain.java:33) ~[hibernate-core-7.2.0.Final.jar!/:7.2.0.Final]
	at org.hibernate.internal.SessionFactoryImpl.<init>(SessionFactoryImpl.java:323) ~[hibernate-core-7.2.0.Final.jar!/:7.2.0.Final]
	at org.hibernate.internal.SessionFactoryRegistry.instantiateSessionFactory(SessionFactoryRegistry.java:64) ~[hibernate-core-7.2.0.Final.jar!/:7.2.0.Final]
	at org.hibernate.boot.internal.SessionFactoryBuilderImpl.build(SessionFactoryBuilderImpl.java:437) ~[hibernate-core-7.2.0.Final.jar!/:7.2.0.Final]
	at org.hibernate.jpa.boot.internal.EntityManagerFactoryBuilderImpl.build(EntityManagerFactoryBuilderImpl.java:1456) ~[hibernate-core-7.2.0.Final.jar!/:7.2.0.Final]
	at org.springframework.orm.jpa.vendor.SpringHibernateJpaPersistenceProvider.createContainerEntityManagerFactory(SpringHibernateJpaPersistenceProvider.java:66) ~[spring-orm-7.0.2.jar!/:7.0.2]
	at org.springframework.orm.jpa.LocalContainerEntityManagerFactoryBean.createNativeEntityManagerFactory(LocalContainerEntityManagerFactoryBean.java:433) ~[spring-orm-7.0.2.jar!/:7.0.2]
	at org.springframework.orm.jpa.AbstractEntityManagerFactoryBean.buildNativeEntityManagerFactory(AbstractEntityManagerFactoryBean.java:416) ~[spring-orm-7.0.2.jar!/:7.0.2]
	at org.springframework.orm.jpa.AbstractEntityManagerFactoryBean.afterPropertiesSet(AbstractEntityManagerFactoryBean.java:396) ~[spring-orm-7.0.2.jar!/:7.0.2]
	at org.springframework.orm.jpa.LocalContainerEntityManagerFactoryBean.afterPropertiesSet(LocalContainerEntityManagerFactoryBean.java:409) ~[spring-orm-7.0.2.jar!/:7.0.2]
	at org.springframework.beans.factory.support.AbstractAutowireCapableBeanFactory.invokeInitMethods(AbstractAutowireCapableBeanFactory.java:1864) ~[spring-beans-7.0.2.jar!/:7.0.2]
	at org.springframework.beans.factory.support.AbstractAutowireCapableBeanFactory.initializeBean(AbstractAutowireCapableBeanFactory.java:1813) ~[spring-beans-7.0.2.jar!/:7.0.2]
	at org.springframework.beans.factory.support.AbstractAutowireCapableBeanFactory.doCreateBean(AbstractAutowireCapableBeanFactory.java:603) ~[spring-beans-7.0.2.jar!/:7.0.2]
	at org.springframework.beans.factory.support.AbstractAutowireCapableBeanFactory.createBean(AbstractAutowireCapableBeanFactory.java:525) ~[spring-beans-7.0.2.jar!/:7.0.2]
	at org.springframework.beans.factory.support.AbstractBeanFactory.lambda$doGetBean$0(AbstractBeanFactory.java:333) ~[spring-beans-7.0.2.jar!/:7.0.2]
	at org.springframework.beans.factory.support.DefaultSingletonBeanRegistry.getSingleton(DefaultSingletonBeanRegistry.java:371) ~[spring-beans-7.0.2.jar!/:7.0.2]
	at org.springframework.beans.factory.support.AbstractBeanFactory.doGetBean(AbstractBeanFactory.java:331) ~[spring-beans-7.0.2.jar!/:7.0.2]
	at org.springframework.beans.factory.support.AbstractBeanFactory.getBean(AbstractBeanFactory.java:201) ~[spring-beans-7.0.2.jar!/:7.0.2]
	at org.springframework.context.support.AbstractApplicationContext.finishBeanFactoryInitialization(AbstractApplicationContext.java:976) ~[spring-context-7.0.2.jar!/:7.0.2]
	at org.springframework.context.support.AbstractApplicationContext.refresh(AbstractApplicationContext.java:620) ~[spring-context-7.0.2.jar!/:7.0.2]
	at org.springframework.boot.web.server.servlet.context.ServletWebServerApplicationContext.refresh(ServletWebServerApplicationContext.java:143) ~[spring-boot-web-server-4.0.1.jar!/:4.0.1]
	at org.springframework.boot.SpringApplication.refresh(SpringApplication.java:756) ~[spring-boot-4.0.1.jar!/:4.0.1]
	at org.springframework.boot.SpringApplication.refreshContext(SpringApplication.java:445) ~[spring-boot-4.0.1.jar!/:4.0.1]
	at org.springframework.boot.SpringApplication.run(SpringApplication.java:321) ~[spring-boot-4.0.1.jar!/:4.0.1]
	at org.springframework.boot.SpringApplication.run(SpringApplication.java:1365) ~[spring-boot-4.0.1.jar!/:4.0.1]
	at org.springframework.boot.SpringApplication.run(SpringApplication.java:1354) ~[spring-boot-4.0.1.jar!/:4.0.1]
	at com.travolish.traveller.TravellerServiceApplication.main(TravellerServiceApplication.java:10) ~[!/:0.0.1-SNAPSHOT]
	at java.base/jdk.internal.reflect.DirectMethodHandleAccessor.invoke(DirectMethodHandleAccessor.java:103) ~[na:na]
	at java.base/java.lang.reflect.Method.invoke(Method.java:580) ~[na:na]
	at org.springframework.boot.loader.launch.Launcher.launch(Launcher.java:106) ~[traveller-service-0.0.1-SNAPSHOT.jar:0.0.1-SNAPSHOT]
	at org.springframework.boot.loader.launch.Launcher.launch(Launcher.java:64) ~[traveller-service-0.0.1-SNAPSHOT.jar:0.0.1-SNAPSHOT]
	at org.springframework.boot.loader.launch.JarLauncher.main(JarLauncher.java:40) ~[traveller-service-0.0.1-SNAPSHOT.jar:0.0.1-SNAPSHOT]
Caused by: org.postgresql.util.PSQLException: ERROR: relation "idx_payment_id" already exists
	at org.postgresql.core.v3.QueryExecutorImpl.receiveErrorResponse(QueryExecutorImpl.java:2712) ~[postgresql-42.7.1.jar!/:42.7.1]
	at org.postgresql.core.v3.QueryExecutorImpl.processResults(QueryExecutorImpl.java:2400) ~[postgresql-42.7.1.jar!/:42.7.1]
	at org.postgresql.core.v3.QueryExecutorImpl.execute(QueryExecutorImpl.java:367) ~[postgresql-42.7.1.jar!/:42.7.1]
	at org.postgresql.jdbc.PgStatement.executeInternal(PgStatement.java:498) ~[postgresql-42.7.1.jar!/:42.7.1]
	at org.postgresql.jdbc.PgStatement.execute(PgStatement.java:415) ~[postgresql-42.7.1.jar!/:42.7.1]
	at org.postgresql.jdbc.PgStatement.executeWithFlags(PgStatement.java:335) ~[postgresql-42.7.1.jar!/:42.7.1]
	at org.postgresql.jdbc.PgStatement.executeCachedSql(PgStatement.java:321) ~[postgresql-42.7.1.jar!/:42.7.1]
	at org.postgresql.jdbc.PgStatement.executeWithFlags(PgStatement.java:297) ~[postgresql-42.7.1.jar!/:42.7.1]
	at org.postgresql.jdbc.PgStatement.execute(PgStatement.java:292) ~[postgresql-42.7.1.jar!/:42.7.1]
	at com.zaxxer.hikari.pool.ProxyStatement.execute(ProxyStatement.java:95) ~[HikariCP-7.0.2.jar!/:na]
	at com.zaxxer.hikari.pool.HikariProxyStatement.execute(HikariProxyStatement.java) ~[HikariCP-7.0.2.jar!/:na]
	at org.hibernate.tool.schema.internal.exec.GenerationTargetToDatabase.accept(GenerationTargetToDatabase.java:76) ~[hibernate-core-7.2.0.Final.jar!/:7.2.0.Final]
	... 43 common frames omitted

2026-05-20T17:40:56.770+05:30 DEBUG 45004 --- [traveller-service] [           main] org.hibernate.SQL                        : 
    create index idx_user_id 
       on refunds (user_id)
2026-05-20T17:40:56.853+05:30  WARN 45004 --- [traveller-service] [           main] o.h.t.s.i.ExceptionHandlerLoggedImpl     : GenerationTarget encountered exception accepting command : Error executing DDL "
    create index idx_user_id 
       on refunds (user_id)" via JDBC [ERROR: relation "idx_user_id" already exists]

org.hibernate.tool.schema.spi.CommandAcceptanceException: Error executing DDL "
    create index idx_user_id 
       on refunds (user_id)" via JDBC [ERROR: relation "idx_user_id" already exists]
	at org.hibernate.tool.schema.internal.exec.GenerationTargetToDatabase.accept(GenerationTargetToDatabase.java:81) ~[hibernate-core-7.2.0.Final.jar!/:7.2.0.Final]
	at org.hibernate.tool.schema.internal.AbstractSchemaMigrator.applySqlString(AbstractSchemaMigrator.java:566) ~[hibernate-core-7.2.0.Final.jar!/:7.2.0.Final]
	at org.hibernate.tool.schema.internal.AbstractSchemaMigrator.applySqlStrings(AbstractSchemaMigrator.java:506) ~[hibernate-core-7.2.0.Final.jar!/:7.2.0.Final]
	at org.hibernate.tool.schema.internal.AbstractSchemaMigrator.applyIndexes(AbstractSchemaMigrator.java:351) ~[hibernate-core-7.2.0.Final.jar!/:7.2.0.Final]
	at org.hibernate.tool.schema.internal.GroupedSchemaMigratorImpl.performTablesMigration(GroupedSchemaMigratorImpl.java:96) ~[hibernate-core-7.2.0.Final.jar!/:7.2.0.Final]
	at org.hibernate.tool.schema.internal.AbstractSchemaMigrator.performMigration(AbstractSchemaMigrator.java:220) ~[hibernate-core-7.2.0.Final.jar!/:7.2.0.Final]
	at org.hibernate.tool.schema.internal.AbstractSchemaMigrator.doMigration(AbstractSchemaMigrator.java:96) ~[hibernate-core-7.2.0.Final.jar!/:7.2.0.Final]
	at org.hibernate.tool.schema.spi.SchemaManagementToolCoordinator.performDatabaseAction(SchemaManagementToolCoordinator.java:269) ~[hibernate-core-7.2.0.Final.jar!/:7.2.0.Final]
	at org.hibernate.tool.schema.spi.SchemaManagementToolCoordinator.lambda$process$1(SchemaManagementToolCoordinator.java:101) ~[hibernate-core-7.2.0.Final.jar!/:7.2.0.Final]
	at java.base/java.util.HashMap.forEach(HashMap.java:1429) ~[na:na]
	at org.hibernate.tool.schema.spi.SchemaManagementToolCoordinator.process(SchemaManagementToolCoordinator.java:100) ~[hibernate-core-7.2.0.Final.jar!/:7.2.0.Final]
	at org.hibernate.boot.internal.SessionFactoryObserverForSchemaExport.sessionFactoryCreated(SessionFactoryObserverForSchemaExport.java:35) ~[hibernate-core-7.2.0.Final.jar!/:7.2.0.Final]
	at org.hibernate.internal.SessionFactoryObserverChain.sessionFactoryCreated(SessionFactoryObserverChain.java:33) ~[hibernate-core-7.2.0.Final.jar!/:7.2.0.Final]
	at org.hibernate.internal.SessionFactoryImpl.<init>(SessionFactoryImpl.java:323) ~[hibernate-core-7.2.0.Final.jar!/:7.2.0.Final]
	at org.hibernate.internal.SessionFactoryRegistry.instantiateSessionFactory(SessionFactoryRegistry.java:64) ~[hibernate-core-7.2.0.Final.jar!/:7.2.0.Final]
	at org.hibernate.boot.internal.SessionFactoryBuilderImpl.build(SessionFactoryBuilderImpl.java:437) ~[hibernate-core-7.2.0.Final.jar!/:7.2.0.Final]
	at org.hibernate.jpa.boot.internal.EntityManagerFactoryBuilderImpl.build(EntityManagerFactoryBuilderImpl.java:1456) ~[hibernate-core-7.2.0.Final.jar!/:7.2.0.Final]
	at org.springframework.orm.jpa.vendor.SpringHibernateJpaPersistenceProvider.createContainerEntityManagerFactory(SpringHibernateJpaPersistenceProvider.java:66) ~[spring-orm-7.0.2.jar!/:7.0.2]
	at org.springframework.orm.jpa.LocalContainerEntityManagerFactoryBean.createNativeEntityManagerFactory(LocalContainerEntityManagerFactoryBean.java:433) ~[spring-orm-7.0.2.jar!/:7.0.2]
	at org.springframework.orm.jpa.AbstractEntityManagerFactoryBean.buildNativeEntityManagerFactory(AbstractEntityManagerFactoryBean.java:416) ~[spring-orm-7.0.2.jar!/:7.0.2]
	at org.springframework.orm.jpa.AbstractEntityManagerFactoryBean.afterPropertiesSet(AbstractEntityManagerFactoryBean.java:396) ~[spring-orm-7.0.2.jar!/:7.0.2]
	at org.springframework.orm.jpa.LocalContainerEntityManagerFactoryBean.afterPropertiesSet(LocalContainerEntityManagerFactoryBean.java:409) ~[spring-orm-7.0.2.jar!/:7.0.2]
	at org.springframework.beans.factory.support.AbstractAutowireCapableBeanFactory.invokeInitMethods(AbstractAutowireCapableBeanFactory.java:1864) ~[spring-beans-7.0.2.jar!/:7.0.2]
	at org.springframework.beans.factory.support.AbstractAutowireCapableBeanFactory.initializeBean(AbstractAutowireCapableBeanFactory.java:1813) ~[spring-beans-7.0.2.jar!/:7.0.2]
	at org.springframework.beans.factory.support.AbstractAutowireCapableBeanFactory.doCreateBean(AbstractAutowireCapableBeanFactory.java:603) ~[spring-beans-7.0.2.jar!/:7.0.2]
	at org.springframework.beans.factory.support.AbstractAutowireCapableBeanFactory.createBean(AbstractAutowireCapableBeanFactory.java:525) ~[spring-beans-7.0.2.jar!/:7.0.2]
	at org.springframework.beans.factory.support.AbstractBeanFactory.lambda$doGetBean$0(AbstractBeanFactory.java:333) ~[spring-beans-7.0.2.jar!/:7.0.2]
	at org.springframework.beans.factory.support.DefaultSingletonBeanRegistry.getSingleton(DefaultSingletonBeanRegistry.java:371) ~[spring-beans-7.0.2.jar!/:7.0.2]
	at org.springframework.beans.factory.support.AbstractBeanFactory.doGetBean(AbstractBeanFactory.java:331) ~[spring-beans-7.0.2.jar!/:7.0.2]
	at org.springframework.beans.factory.support.AbstractBeanFactory.getBean(AbstractBeanFactory.java:201) ~[spring-beans-7.0.2.jar!/:7.0.2]
	at org.springframework.context.support.AbstractApplicationContext.finishBeanFactoryInitialization(AbstractApplicationContext.java:976) ~[spring-context-7.0.2.jar!/:7.0.2]
	at org.springframework.context.support.AbstractApplicationContext.refresh(AbstractApplicationContext.java:620) ~[spring-context-7.0.2.jar!/:7.0.2]
	at org.springframework.boot.web.server.servlet.context.ServletWebServerApplicationContext.refresh(ServletWebServerApplicationContext.java:143) ~[spring-boot-web-server-4.0.1.jar!/:4.0.1]
	at org.springframework.boot.SpringApplication.refresh(SpringApplication.java:756) ~[spring-boot-4.0.1.jar!/:4.0.1]
	at org.springframework.boot.SpringApplication.refreshContext(SpringApplication.java:445) ~[spring-boot-4.0.1.jar!/:4.0.1]
	at org.springframework.boot.SpringApplication.run(SpringApplication.java:321) ~[spring-boot-4.0.1.jar!/:4.0.1]
	at org.springframework.boot.SpringApplication.run(SpringApplication.java:1365) ~[spring-boot-4.0.1.jar!/:4.0.1]
	at org.springframework.boot.SpringApplication.run(SpringApplication.java:1354) ~[spring-boot-4.0.1.jar!/:4.0.1]
	at com.travolish.traveller.TravellerServiceApplication.main(TravellerServiceApplication.java:10) ~[!/:0.0.1-SNAPSHOT]
	at java.base/jdk.internal.reflect.DirectMethodHandleAccessor.invoke(DirectMethodHandleAccessor.java:103) ~[na:na]
	at java.base/java.lang.reflect.Method.invoke(Method.java:580) ~[na:na]
	at org.springframework.boot.loader.launch.Launcher.launch(Launcher.java:106) ~[traveller-service-0.0.1-SNAPSHOT.jar:0.0.1-SNAPSHOT]
	at org.springframework.boot.loader.launch.Launcher.launch(Launcher.java:64) ~[traveller-service-0.0.1-SNAPSHOT.jar:0.0.1-SNAPSHOT]
	at org.springframework.boot.loader.launch.JarLauncher.main(JarLauncher.java:40) ~[traveller-service-0.0.1-SNAPSHOT.jar:0.0.1-SNAPSHOT]
Caused by: org.postgresql.util.PSQLException: ERROR: relation "idx_user_id" already exists
	at org.postgresql.core.v3.QueryExecutorImpl.receiveErrorResponse(QueryExecutorImpl.java:2712) ~[postgresql-42.7.1.jar!/:42.7.1]
	at org.postgresql.core.v3.QueryExecutorImpl.processResults(QueryExecutorImpl.java:2400) ~[postgresql-42.7.1.jar!/:42.7.1]
	at org.postgresql.core.v3.QueryExecutorImpl.execute(QueryExecutorImpl.java:367) ~[postgresql-42.7.1.jar!/:42.7.1]
	at org.postgresql.jdbc.PgStatement.executeInternal(PgStatement.java:498) ~[postgresql-42.7.1.jar!/:42.7.1]
	at org.postgresql.jdbc.PgStatement.execute(PgStatement.java:415) ~[postgresql-42.7.1.jar!/:42.7.1]
	at org.postgresql.jdbc.PgStatement.executeWithFlags(PgStatement.java:335) ~[postgresql-42.7.1.jar!/:42.7.1]
	at org.postgresql.jdbc.PgStatement.executeCachedSql(PgStatement.java:321) ~[postgresql-42.7.1.jar!/:42.7.1]
	at org.postgresql.jdbc.PgStatement.executeWithFlags(PgStatement.java:297) ~[postgresql-42.7.1.jar!/:42.7.1]
	at org.postgresql.jdbc.PgStatement.execute(PgStatement.java:292) ~[postgresql-42.7.1.jar!/:42.7.1]
	at com.zaxxer.hikari.pool.ProxyStatement.execute(ProxyStatement.java:95) ~[HikariCP-7.0.2.jar!/:na]
	at com.zaxxer.hikari.pool.HikariProxyStatement.execute(HikariProxyStatement.java) ~[HikariCP-7.0.2.jar!/:na]
	at org.hibernate.tool.schema.internal.exec.GenerationTargetToDatabase.accept(GenerationTargetToDatabase.java:76) ~[hibernate-core-7.2.0.Final.jar!/:7.2.0.Final]
	... 43 common frames omitted

2026-05-20T17:40:57.210+05:30  INFO 45004 --- [traveller-service] [           main] j.LocalContainerEntityManagerFactoryBean : Initialized JPA EntityManagerFactory for persistence unit 'default'
2026-05-20T17:40:57.378+05:30  INFO 45004 --- [traveller-service] [           main] o.s.d.j.r.query.QueryEnhancerFactories   : Hibernate is in classpath; If applicable, HQL parser will be used.
2026-05-20T17:41:02.019+05:30  INFO 45004 --- [traveller-service] [           main] f.a.AutowiredAnnotationBeanPostProcessor : Inconsistent constructor declaration on bean with name 'emailService': single autowire-marked constructor flagged as optional - this constructor is effectively required since there is no default constructor to fall back to: public com.travolish.traveller.notifications.service.EmailService(org.springframework.mail.javamail.JavaMailSender)
2026-05-20T17:41:02.880+05:30  INFO 45004 --- [traveller-service] [           main] c.t.t.u.service.SupabaseStorageService   : Supabase Storage Service initialized
2026-05-20T17:41:02.881+05:30  INFO 45004 --- [traveller-service] [           main] c.t.t.u.service.SupabaseStorageService   : Supabase URL: https://hizprgnbtsomiucqwull.supabase.co
2026-05-20T17:41:02.882+05:30  INFO 45004 --- [traveller-service] [           main] c.t.t.u.service.SupabaseStorageService   : Bucket Name: travolish-bucket
2026-05-20T17:41:02.884+05:30  INFO 45004 --- [traveller-service] [           main] c.t.t.u.service.SupabaseStorageService   : API Key (first 20 chars): sb_secret_WPBZQfTWhn...
2026-05-20T17:41:03.393+05:30  WARN 45004 --- [traveller-service] [           main] JpaBaseConfiguration$JpaWebConfiguration : spring.jpa.open-in-view is enabled by default. Therefore, database queries may be performed during view rendering. Explicitly configure spring.jpa.open-in-view to disable this warning
2026-05-20T17:41:03.982+05:30  INFO 45004 --- [traveller-service] [           main] o.s.v.b.OptionalValidatorFactoryBean     : Failed to set up a Bean Validation provider: jakarta.validation.NoProviderFoundException: Unable to create a Configuration, because no Jakarta Validation provider could be found. Add a provider like Hibernate Validator (RI) to your classpath.
2026-05-20T17:41:06.487+05:30  INFO 45004 --- [traveller-service] [           main] o.s.m.s.b.SimpleBrokerMessageHandler     : Starting...
2026-05-20T17:41:06.490+05:30  INFO 45004 --- [traveller-service] [           main] o.s.m.s.b.SimpleBrokerMessageHandler     : BrokerAvailabilityEvent[available=true, SimpleBrokerMessageHandler [org.springframework.messaging.simp.broker.DefaultSubscriptionRegistry@95675ab]]
2026-05-20T17:41:06.492+05:30  INFO 45004 --- [traveller-service] [           main] o.s.m.s.b.SimpleBrokerMessageHandler     : Started.
2026-05-20T17:41:06.605+05:30  INFO 45004 --- [traveller-service] [           main] o.s.boot.tomcat.TomcatWebServer          : Tomcat started on port 8080 (http) with context path '/'
2026-05-20T17:41:06.621+05:30  INFO 45004 --- [traveller-service] [           main] c.t.t.TravellerServiceApplication        : Started TravellerServiceApplication in 28.125 seconds (process running for 29.653)
2026-05-20T17:41:06.894+05:30 DEBUG 45004 --- [traveller-service] [           main] org.hibernate.SQL                        : 
    select
        count(*) 
    from
        hotels h1_0
2026-05-20T17:41:07.082+05:30 DEBUG 45004 --- [traveller-service] [           main] org.hibernate.SQL                        : 
    select
        count(*) 
    from
        hotels h1_0
2026-05-20T17:41:07.249+05:30 DEBUG 45004 --- [traveller-service] [           main] org.hibernate.SQL                        : 
    select
        count(*) 
    from
        hotels h1_0
2026-05-20T17:42:06.464+05:30  INFO 45004 --- [traveller-service] [MessageBroker-1] o.s.w.s.c.WebSocketMessageBrokerStats    : WebSocketSession[0 current WS(0)-HttpStream(0)-HttpPoll(0), 0 total, 0 closed abnormally (0 connect failure, 0 send limit, 0 transport error)], stompSubProtocol[processed CONNECT(0)-CONNECTED(0)-DISCONNECT(0)], stompBrokerRelay[null], inboundChannel[pool size = 0, active threads = 0, queued tasks = 0, completed tasks = 0], outboundChannel[pool size = 0, active threads = 0, queued tasks = 0, completed tasks = 0], sockJsScheduler[pool size = 1, active threads = 1, queued tasks = 0, completed tasks = 0]
2026-05-20T17:42:18.897+05:30  INFO 45004 --- [traveller-service] [nio-8080-exec-1] o.a.c.c.C.[Tomcat].[localhost].[/]       : Initializing Spring DispatcherServlet 'dispatcherServlet'
2026-05-20T17:42:18.899+05:30  INFO 45004 --- [traveller-service] [nio-8080-exec-1] o.s.web.servlet.DispatcherServlet        : Initializing Servlet 'dispatcherServlet'
2026-05-20T17:42:18.902+05:30  INFO 45004 --- [traveller-service] [nio-8080-exec-1] o.s.web.servlet.DispatcherServlet        : Completed initialization in 2 ms
2026-05-20T17:42:19.104+05:30 DEBUG 45004 --- [traveller-service] [nio-8080-exec-1] org.hibernate.SQL                        : 
    select
        ec1_0.id,
        ec1_0.address,
        ec1_0.city,
        ec1_0.contact_name,
        ec1_0.contact_number,
        ec1_0.contact_type,
        ec1_0.country,
        ec1_0.created_at,
        ec1_0.description,
        ec1_0.email,
        ec1_0.hotel_id,
        ec1_0.is_active,
        ec1_0.label,
        ec1_0.latitude,
        ec1_0.longitude,
        ec1_0.operating_hours,
        ec1_0.response_time_minutes,
        ec1_0.updated_at,
        ec1_0.verified_at 
    from
        emergency_contacts ec1_0 
    where
        ec1_0.hotel_id=? 
        and ec1_0.is_active=true
2026-05-20T17:42:19.541+05:30 DEBUG 45004 --- [traveller-service] [nio-8080-exec-3] org.hibernate.SQL                        : 
    insert 
    into
        emergency_contacts
        (address, city, contact_name, contact_number, contact_type, country, created_at, description, email, hotel_id, is_active, label, latitude, longitude, operating_hours, response_time_minutes, updated_at, verified_at) 
    values
        (?, ?, ?, ?, ?, ?, ?, ?, ?, ?, ?, ?, ?, ?, ?, ?, ?, ?)
2026-05-20T17:42:19.818+05:30 DEBUG 45004 --- [traveller-service] [nio-8080-exec-2] org.hibernate.SQL                        : 
    select
        ec1_0.id,
        ec1_0.address,
        ec1_0.city,
        ec1_0.contact_name,
        ec1_0.contact_number,
        ec1_0.contact_type,
        ec1_0.country,
        ec1_0.created_at,
        ec1_0.description,
        ec1_0.email,
        ec1_0.hotel_id,
        ec1_0.is_active,
        ec1_0.label,
        ec1_0.latitude,
        ec1_0.longitude,
        ec1_0.operating_hours,
        ec1_0.response_time_minutes,
        ec1_0.updated_at,
        ec1_0.verified_at 
    from
        emergency_contacts ec1_0 
    where
        ec1_0.hotel_id=? 
        and ec1_0.is_active=true
2026-05-20T17:42:19.997+05:30 DEBUG 45004 --- [traveller-service] [nio-8080-exec-4] org.hibernate.SQL                        : 
    select
        ec1_0.id,
        ec1_0.address,
        ec1_0.city,
        ec1_0.contact_name,
        ec1_0.contact_number,
        ec1_0.contact_type,
        ec1_0.country,
        ec1_0.created_at,
        ec1_0.description,
        ec1_0.email,
        ec1_0.hotel_id,
        ec1_0.is_active,
        ec1_0.label,
        ec1_0.latitude,
        ec1_0.longitude,
        ec1_0.operating_hours,
        ec1_0.response_time_minutes,
        ec1_0.updated_at,
        ec1_0.verified_at 
    from
        emergency_contacts ec1_0 
    where
        ec1_0.id=?
2026-05-20T17:42:20.088+05:30 DEBUG 45004 --- [traveller-service] [nio-8080-exec-4] org.hibernate.SQL                        : 
    update
        emergency_contacts 
    set
        address=?,
        city=?,
        contact_name=?,
        contact_number=?,
        contact_type=?,
        country=?,
        description=?,
        email=?,
        hotel_id=?,
        is_active=?,
        label=?,
        latitude=?,
        longitude=?,
        operating_hours=?,
        response_time_minutes=?,
        updated_at=?,
        verified_at=? 
    where
        id=?
2026-05-20T17:42:20.272+05:30 DEBUG 45004 --- [traveller-service] [nio-8080-exec-5] org.hibernate.SQL                        : 
    select
        ec1_0.id,
        ec1_0.address,
        ec1_0.city,
        ec1_0.contact_name,
        ec1_0.contact_number,
        ec1_0.contact_type,
        ec1_0.country,
        ec1_0.created_at,
        ec1_0.description,
        ec1_0.email,
        ec1_0.hotel_id,
        ec1_0.is_active,
        ec1_0.label,
        ec1_0.latitude,
        ec1_0.longitude,
        ec1_0.operating_hours,
        ec1_0.response_time_minutes,
        ec1_0.updated_at,
        ec1_0.verified_at 
    from
        emergency_contacts ec1_0 
    where
        ec1_0.hotel_id=? 
        and ec1_0.is_active=true
2026-05-20T17:42:30.714+05:30 DEBUG 45004 --- [traveller-service] [nio-8080-exec-7] org.hibernate.SQL                        : 
    insert 
    into
        emergency_contacts
        (address, city, contact_name, contact_number, contact_type, country, created_at, description, email, hotel_id, is_active, label, latitude, longitude, operating_hours, response_time_minutes, updated_at, verified_at) 
    values
        (?, ?, ?, ?, ?, ?, ?, ?, ?, ?, ?, ?, ?, ?, ?, ?, ?, ?)
2026-05-20T17:42:30.911+05:30 DEBUG 45004 --- [traveller-service] [nio-8080-exec-8] org.hibernate.SQL                        : 
    insert 
    into
        emergency_contacts
        (address, city, contact_name, contact_number, contact_type, country, created_at, description, email, hotel_id, is_active, label, latitude, longitude, operating_hours, response_time_minutes, updated_at, verified_at) 
    values
        (?, ?, ?, ?, ?, ?, ?, ?, ?, ?, ?, ?, ?, ?, ?, ?, ?, ?)
2026-05-20T17:42:31.084+05:30 DEBUG 45004 --- [traveller-service] [nio-8080-exec-9] org.hibernate.SQL                        : 
    insert 
    into
        emergency_contacts
        (address, city, contact_name, contact_number, contact_type, country, created_at, description, email, hotel_id, is_active, label, latitude, longitude, operating_hours, response_time_minutes, updated_at, verified_at) 
    values
        (?, ?, ?, ?, ?, ?, ?, ?, ?, ?, ?, ?, ?, ?, ?, ?, ?, ?)
2026-05-20T17:46:27.981+05:30  WARN 45004 --- [traveller-service] [nio-8080-exec-1] .w.s.m.s.DefaultHandlerExceptionResolver : Resolved [org.springframework.web.bind.MissingServletRequestParameterException: Required request parameter 'checkInDate' for method parameter type LocalDate is not present]
2026-05-20T17:49:00.390+05:30 DEBUG 45004 --- [traveller-service] [nio-8080-exec-3] org.hibernate.SQL                        : 
    select
        ra1_0.id,
        ra1_0.availability_date,
        ra1_0.available_rooms,
        ra1_0.block_reason,
        ra1_0.blocked_rooms,
        ra1_0.booked_rooms,
        ra1_0.created_at,
        ra1_0.hotel_id,
        ra1_0.room_id,
        ra1_0.status,
        ra1_0.total_rooms,
        ra1_0.updated_at 
    from
        room_availability ra1_0 
    where
        ra1_0.hotel_id=? 
        and ra1_0.availability_date between ? and ?
2026-05-20T17:49:11.432+05:30 DEBUG 45004 --- [traveller-service] [nio-8080-exec-4] org.hibernate.SQL                        : 
    select
        r1_0.id,
        r1_0.available,
        r1_0.created_at,
        r1_0.hotel_id,
        r1_0.number,
        r1_0.price_per_night,
        r1_0.type 
    from
        rooms r1_0 
    where
        r1_0.hotel_id=?
2026-05-20T17:49:11.728+05:30 DEBUG 45004 --- [traveller-service] [nio-8080-exec-4] org.hibernate.SQL                        : 
    select
        r1_0.room_id,
        r1_0.id,
        r1_0.content,
        r1_0.created_at,
        r1_0.helpful_count,
        r1_0.hotel_id,
        r1_0.moderator_id,
        r1_0.moderator_notes,
        r1_0.rating,
        r1_0.review_type,
        r1_0.reviewed_at,
        r1_0.status,
        r1_0.title,
        r1_0.unhelpful_count,
        r1_0.updated_at,
        r1_0.user_id 
    from
        reviews r1_0 
    where
        r1_0.room_id=?
2026-05-20T17:49:11.830+05:30 DEBUG 45004 --- [traveller-service] [nio-8080-exec-4] org.hibernate.SQL                        : 
    select
        r1_0.room_id,
        r1_0.id,
        r1_0.content,
        r1_0.created_at,
        r1_0.helpful_count,
        r1_0.hotel_id,
        r1_0.moderator_id,
        r1_0.moderator_notes,
        r1_0.rating,
        r1_0.review_type,
        r1_0.reviewed_at,
        r1_0.status,
        r1_0.title,
        r1_0.unhelpful_count,
        r1_0.updated_at,
        r1_0.user_id 
    from
        reviews r1_0 
    where
        r1_0.room_id=?
2026-05-20T17:49:11.912+05:30 DEBUG 45004 --- [traveller-service] [nio-8080-exec-4] org.hibernate.SQL                        : 
    select
        r1_0.room_id,
        r1_0.id,
        r1_0.content,
        r1_0.created_at,
        r1_0.helpful_count,
        r1_0.hotel_id,
        r1_0.moderator_id,
        r1_0.moderator_notes,
        r1_0.rating,
        r1_0.review_type,
        r1_0.reviewed_at,
        r1_0.status,
        r1_0.title,
        r1_0.unhelpful_count,
        r1_0.updated_at,
        r1_0.user_id 
    from
        reviews r1_0 
    where
        r1_0.room_id=?
2026-05-20T17:49:11.994+05:30 DEBUG 45004 --- [traveller-service] [nio-8080-exec-4] org.hibernate.SQL                        : 
    select
        r1_0.room_id,
        r1_0.id,
        r1_0.content,
        r1_0.created_at,
        r1_0.helpful_count,
        r1_0.hotel_id,
        r1_0.moderator_id,
        r1_0.moderator_notes,
        r1_0.rating,
        r1_0.review_type,
        r1_0.reviewed_at,
        r1_0.status,
        r1_0.title,
        r1_0.unhelpful_count,
        r1_0.updated_at,
        r1_0.user_id 
    from
        reviews r1_0 
    where
        r1_0.room_id=?
2026-05-20T17:49:12.076+05:30 DEBUG 45004 --- [traveller-service] [nio-8080-exec-4] org.hibernate.SQL                        : 
    select
        r1_0.room_id,
        r1_0.id,
        r1_0.content,
        r1_0.created_at,
        r1_0.helpful_count,
        r1_0.hotel_id,
        r1_0.moderator_id,
        r1_0.moderator_notes,
        r1_0.rating,
        r1_0.review_type,
        r1_0.reviewed_at,
        r1_0.status,
        r1_0.title,
        r1_0.unhelpful_count,
        r1_0.updated_at,
        r1_0.user_id 
    from
        reviews r1_0 
    where
        r1_0.room_id=?
2026-05-20T17:49:21.217+05:30 DEBUG 45004 --- [traveller-service] [nio-8080-exec-6] org.hibernate.SQL                        : 
    select
        r1_0.id,
        r1_0.available,
        r1_0.created_at,
        r1_0.hotel_id,
        r1_0.number,
        r1_0.price_per_night,
        r1_0.type 
    from
        rooms r1_0 
    where
        r1_0.id=?
2026-05-20T17:49:21.406+05:30 DEBUG 45004 --- [traveller-service] [nio-8080-exec-6] org.hibernate.SQL                        : 
    select
        r1_0.room_id,
        r1_0.id,
        r1_0.content,
        r1_0.created_at,
        r1_0.helpful_count,
        r1_0.hotel_id,
        r1_0.moderator_id,
        r1_0.moderator_notes,
        r1_0.rating,
        r1_0.review_type,
        r1_0.reviewed_at,
        r1_0.status,
        r1_0.title,
        r1_0.unhelpful_count,
        r1_0.updated_at,
        r1_0.user_id 
    from
        reviews r1_0 
    where
        r1_0.room_id=?
2026-05-20T17:49:39.585+05:30 DEBUG 45004 --- [traveller-service] [nio-8080-exec-8] org.hibernate.SQL                        : 
    select
        ra1_0.id,
        ra1_0.availability_date,
        ra1_0.available_rooms,
        ra1_0.block_reason,
        ra1_0.blocked_rooms,
        ra1_0.booked_rooms,
        ra1_0.created_at,
        ra1_0.hotel_id,
        ra1_0.room_id,
        ra1_0.status,
        ra1_0.total_rooms,
        ra1_0.updated_at 
    from
        room_availability ra1_0 
    where
        ra1_0.hotel_id=? 
        and ra1_0.availability_date between ? and ?
2026-05-20T18:12:06.562+05:30  INFO 45004 --- [traveller-service] [MessageBroker-1] o.s.w.s.c.WebSocketMessageBrokerStats    : WebSocketSession[0 current WS(0)-HttpStream(0)-HttpPoll(0), 0 total, 0 closed abnormally (0 connect failure, 0 send limit, 0 transport error)], stompSubProtocol[processed CONNECT(0)-CONNECTED(0)-DISCONNECT(0)], stompBrokerRelay[null], inboundChannel[pool size = 0, active threads = 0, queued tasks = 0, completed tasks = 0], outboundChannel[pool size = 0, active threads = 0, queued tasks = 0, completed tasks = 0], sockJsScheduler[pool size = 2, active threads = 1, queued tasks = 0, completed tasks = 1]
2026-05-20T18:42:06.660+05:30  INFO 45004 --- [traveller-service] [MessageBroker-2] o.s.w.s.c.WebSocketMessageBrokerStats    : WebSocketSession[0 current WS(0)-HttpStream(0)-HttpPoll(0), 0 total, 0 closed abnormally (0 connect failure, 0 send limit, 0 transport error)], stompSubProtocol[processed CONNECT(0)-CONNECTED(0)-DISCONNECT(0)], stompBrokerRelay[null], inboundChannel[pool size = 0, active threads = 0, queued tasks = 0, completed tasks = 0], outboundChannel[pool size = 0, active threads = 0, queued tasks = 0, completed tasks = 0], sockJsScheduler[pool size = 3, active threads = 1, queued tasks = 0, completed tasks = 2]
2026-05-20T19:12:06.719+05:30  INFO 45004 --- [traveller-service] [MessageBroker-1] o.s.w.s.c.WebSocketMessageBrokerStats    : WebSocketSession[0 current WS(0)-HttpStream(0)-HttpPoll(0), 0 total, 0 closed abnormally (0 connect failure, 0 send limit, 0 transport error)], stompSubProtocol[processed CONNECT(0)-CONNECTED(0)-DISCONNECT(0)], stompBrokerRelay[null], inboundChannel[pool size = 0, active threads = 0, queued tasks = 0, completed tasks = 0], outboundChannel[pool size = 0, active threads = 0, queued tasks = 0, completed tasks = 0], sockJsScheduler[pool size = 4, active threads = 1, queued tasks = 0, completed tasks = 3]
2026-05-20T19:42:06.760+05:30  INFO 45004 --- [traveller-service] [MessageBroker-3] o.s.w.s.c.WebSocketMessageBrokerStats    : WebSocketSession[0 current WS(0)-HttpStream(0)-HttpPoll(0), 0 total, 0 closed abnormally (0 connect failure, 0 send limit, 0 transport error)], stompSubProtocol[processed CONNECT(0)-CONNECTED(0)-DISCONNECT(0)], stompBrokerRelay[null], inboundChannel[pool size = 0, active threads = 0, queued tasks = 0, completed tasks = 0], outboundChannel[pool size = 0, active threads = 0, queued tasks = 0, completed tasks = 0], sockJsScheduler[pool size = 5, active threads = 1, queued tasks = 0, completed tasks = 4]
2026-05-20T20:12:06.822+05:30  INFO 45004 --- [traveller-service] [MessageBroker-2] o.s.w.s.c.WebSocketMessageBrokerStats    : WebSocketSession[0 current WS(0)-HttpStream(0)-HttpPoll(0), 0 total, 0 closed abnormally (0 connect failure, 0 send limit, 0 transport error)], stompSubProtocol[processed CONNECT(0)-CONNECTED(0)-DISCONNECT(0)], stompBrokerRelay[null], inboundChannel[pool size = 0, active threads = 0, queued tasks = 0, completed tasks = 0], outboundChannel[pool size = 0, active threads = 0, queued tasks = 0, completed tasks = 0], sockJsScheduler[pool size = 6, active threads = 1, queued tasks = 0, completed tasks = 5]
2026-05-20T20:42:06.889+05:30  INFO 45004 --- [traveller-service] [MessageBroker-4] o.s.w.s.c.WebSocketMessageBrokerStats    : WebSocketSession[0 current WS(0)-HttpStream(0)-HttpPoll(0), 0 total, 0 closed abnormally (0 connect failure, 0 send limit, 0 transport error)], stompSubProtocol[processed CONNECT(0)-CONNECTED(0)-DISCONNECT(0)], stompBrokerRelay[null], inboundChannel[pool size = 0, active threads = 0, queued tasks = 0, completed tasks = 0], outboundChannel[pool size = 0, active threads = 0, queued tasks = 0, completed tasks = 0], sockJsScheduler[pool size = 7, active threads = 1, queued tasks = 0, completed tasks = 6]
2026-05-20T21:12:06.914+05:30  INFO 45004 --- [traveller-service] [MessageBroker-1] o.s.w.s.c.WebSocketMessageBrokerStats    : WebSocketSession[0 current WS(0)-HttpStream(0)-HttpPoll(0), 0 total, 0 closed abnormally (0 connect failure, 0 send limit, 0 transport error)], stompSubProtocol[processed CONNECT(0)-CONNECTED(0)-DISCONNECT(0)], stompBrokerRelay[null], inboundChannel[pool size = 0, active threads = 0, queued tasks = 0, completed tasks = 0], outboundChannel[pool size = 0, active threads = 0, queued tasks = 0, completed tasks = 0], sockJsScheduler[pool size = 8, active threads = 1, queued tasks = 0, completed tasks = 7]
2026-05-20T21:42:06.935+05:30  INFO 45004 --- [traveller-service] [MessageBroker-1] o.s.w.s.c.WebSocketMessageBrokerStats    : WebSocketSession[0 current WS(0)-HttpStream(0)-HttpPoll(0), 0 total, 0 closed abnormally (0 connect failure, 0 send limit, 0 transport error)], stompSubProtocol[processed CONNECT(0)-CONNECTED(0)-DISCONNECT(0)], stompBrokerRelay[null], inboundChannel[pool size = 0, active threads = 0, queued tasks = 0, completed tasks = 0], outboundChannel[pool size = 0, active threads = 0, queued tasks = 0, completed tasks = 0], sockJsScheduler[pool size = 9, active threads = 1, queued tasks = 0, completed tasks = 8]
2026-05-20T22:08:56.874+05:30 DEBUG 45004 --- [traveller-service] [io-8080-exec-10] org.hibernate.SQL                        : 
    select
        r1_0.id,
        r1_0.available,
        r1_0.created_at,
        r1_0.hotel_id,
        r1_0.number,
        r1_0.price_per_night,
        r1_0.type 
    from
        rooms r1_0
2026-05-20T22:08:56.907+05:30 DEBUG 45004 --- [traveller-service] [nio-8080-exec-1] org.hibernate.SQL                        : 
    select
        h1_0.id,
        h1_0.address,
        h1_0.city,
        h1_0.country,
        h1_0.created_at,
        h1_0.description,
        h1_0.email,
        h1_0.host_id,
        h1_0.name,
        h1_0.phone,
        h1_0.rating 
    from
        hotels h1_0 
    where
        1=1 
        and 1=1 
        and 1=1 
        and 1=1 
        and 1=1 
    offset
        ? rows 
    fetch
        first ? rows only
2026-05-20T22:08:57.261+05:30 DEBUG 45004 --- [traveller-service] [nio-8080-exec-3] org.hibernate.SQL                        : 
    select
        u1_0.id,
        u1_0.bio,
        u1_0.city,
        u1_0.email,
        u1_0.first_name,
        u1_0.image_key,
        u1_0.last_name,
        u1_0.password,
        u1_0.phone,
        u1_0.preferred_name,
        u1_0.provider,
        u1_0.provider_id,
        u1_0.time_zone,
        u1_0.travel_style 
    from
        users u1_0 
    where
        u1_0.email=?
2026-05-20T22:08:57.285+05:30 DEBUG 45004 --- [traveller-service] [io-8080-exec-10] org.hibernate.SQL                        : 
    select
        r1_0.room_id,
        r1_0.id,
        r1_0.content,
        r1_0.created_at,
        r1_0.helpful_count,
        r1_0.hotel_id,
        r1_0.moderator_id,
        r1_0.moderator_notes,
        r1_0.rating,
        r1_0.review_type,
        r1_0.reviewed_at,
        r1_0.status,
        r1_0.title,
        r1_0.unhelpful_count,
        r1_0.updated_at,
        r1_0.user_id 
    from
        reviews r1_0 
    where
        r1_0.room_id=?
2026-05-20T22:08:57.644+05:30 DEBUG 45004 --- [traveller-service] [io-8080-exec-10] org.hibernate.SQL                        : 
    select
        r1_0.room_id,
        r1_0.id,
        r1_0.content,
        r1_0.created_at,
        r1_0.helpful_count,
        r1_0.hotel_id,
        r1_0.moderator_id,
        r1_0.moderator_notes,
        r1_0.rating,
        r1_0.review_type,
        r1_0.reviewed_at,
        r1_0.status,
        r1_0.title,
        r1_0.unhelpful_count,
        r1_0.updated_at,
        r1_0.user_id 
    from
        reviews r1_0 
    where
        r1_0.room_id=?
2026-05-20T22:08:57.731+05:30 DEBUG 45004 --- [traveller-service] [io-8080-exec-10] org.hibernate.SQL                        : 
    select
        r1_0.room_id,
        r1_0.id,
        r1_0.content,
        r1_0.created_at,
        r1_0.helpful_count,
        r1_0.hotel_id,
        r1_0.moderator_id,
        r1_0.moderator_notes,
        r1_0.rating,
        r1_0.review_type,
        r1_0.reviewed_at,
        r1_0.status,
        r1_0.title,
        r1_0.unhelpful_count,
        r1_0.updated_at,
        r1_0.user_id 
    from
        reviews r1_0 
    where
        r1_0.room_id=?
2026-05-20T22:08:57.808+05:30 DEBUG 45004 --- [traveller-service] [io-8080-exec-10] org.hibernate.SQL                        : 
    select
        r1_0.room_id,
        r1_0.id,
        r1_0.content,
        r1_0.created_at,
        r1_0.helpful_count,
        r1_0.hotel_id,
        r1_0.moderator_id,
        r1_0.moderator_notes,
        r1_0.rating,
        r1_0.review_type,
        r1_0.reviewed_at,
        r1_0.status,
        r1_0.title,
        r1_0.unhelpful_count,
        r1_0.updated_at,
        r1_0.user_id 
    from
        reviews r1_0 
    where
        r1_0.room_id=?
2026-05-20T22:08:57.851+05:30 DEBUG 45004 --- [traveller-service] [nio-8080-exec-1] org.hibernate.SQL                        : 
    select
        h1_0.id,
        count(r1_0.id) 
    from
        hotels h1_0 
    left join
        reviews r1_0 
            on h1_0.id=r1_0.hotel_id 
    where
        h1_0.id in (?, ?, ?, ?, ?, ?, ?, ?, ?, ?, ?, ?, ?, ?, ?, ?, ?, ?, ?) 
    group by
        h1_0.id
2026-05-20T22:08:57.890+05:30 DEBUG 45004 --- [traveller-service] [io-8080-exec-10] org.hibernate.SQL                        : 
    select
        r1_0.room_id,
        r1_0.id,
        r1_0.content,
        r1_0.created_at,
        r1_0.helpful_count,
        r1_0.hotel_id,
        r1_0.moderator_id,
        r1_0.moderator_notes,
        r1_0.rating,
        r1_0.review_type,
        r1_0.reviewed_at,
        r1_0.status,
        r1_0.title,
        r1_0.unhelpful_count,
        r1_0.updated_at,
        r1_0.user_id 
    from
        reviews r1_0 
    where
        r1_0.room_id=?
2026-05-20T22:08:57.970+05:30 DEBUG 45004 --- [traveller-service] [io-8080-exec-10] org.hibernate.SQL                        : 
    select
        r1_0.room_id,
        r1_0.id,
        r1_0.content,
        r1_0.created_at,
        r1_0.helpful_count,
        r1_0.hotel_id,
        r1_0.moderator_id,
        r1_0.moderator_notes,
        r1_0.rating,
        r1_0.review_type,
        r1_0.reviewed_at,
        r1_0.status,
        r1_0.title,
        r1_0.unhelpful_count,
        r1_0.updated_at,
        r1_0.user_id 
    from
        reviews r1_0 
    where
        r1_0.room_id=?
2026-05-20T22:08:58.043+05:30 DEBUG 45004 --- [traveller-service] [io-8080-exec-10] org.hibernate.SQL                        : 
    select
        r1_0.room_id,
        r1_0.id,
        r1_0.content,
        r1_0.created_at,
        r1_0.helpful_count,
        r1_0.hotel_id,
        r1_0.moderator_id,
        r1_0.moderator_notes,
        r1_0.rating,
        r1_0.review_type,
        r1_0.reviewed_at,
        r1_0.status,
        r1_0.title,
        r1_0.unhelpful_count,
        r1_0.updated_at,
        r1_0.user_id 
    from
        reviews r1_0 
    where
        r1_0.room_id=?
2026-05-20T22:08:58.128+05:30 DEBUG 45004 --- [traveller-service] [io-8080-exec-10] org.hibernate.SQL                        : 
    select
        r1_0.room_id,
        r1_0.id,
        r1_0.content,
        r1_0.created_at,
        r1_0.helpful_count,
        r1_0.hotel_id,
        r1_0.moderator_id,
        r1_0.moderator_notes,
        r1_0.rating,
        r1_0.review_type,
        r1_0.reviewed_at,
        r1_0.status,
        r1_0.title,
        r1_0.unhelpful_count,
        r1_0.updated_at,
        r1_0.user_id 
    from
        reviews r1_0 
    where
        r1_0.room_id=?
2026-05-20T22:08:58.154+05:30  WARN 45004 --- [traveller-service] [nio-8080-exec-1] ration$PageModule$WarningLoggingModifier : Serializing PageImpl instances as-is is not supported, meaning that there is no guarantee about the stability of the resulting JSON structure!
	For a stable JSON structure, please use Spring Data's PagedModel (globally via @EnableSpringDataWebSupport(pageSerializationMode = VIA_DTO))
	or Spring HATEOAS and Spring Data's PagedResourcesAssembler as documented in https://docs.spring.io/spring-data/commons/reference/repositories/core-extensions.html#core.web.pageables.

2026-05-20T22:08:58.225+05:30 DEBUG 45004 --- [traveller-service] [io-8080-exec-10] org.hibernate.SQL                        : 
    select
        r1_0.room_id,
        r1_0.id,
        r1_0.content,
        r1_0.created_at,
        r1_0.helpful_count,
        r1_0.hotel_id,
        r1_0.moderator_id,
        r1_0.moderator_notes,
        r1_0.rating,
        r1_0.review_type,
        r1_0.reviewed_at,
        r1_0.status,
        r1_0.title,
        r1_0.unhelpful_count,
        r1_0.updated_at,
        r1_0.user_id 
    from
        reviews r1_0 
    where
        r1_0.room_id=?
2026-05-20T22:08:58.284+05:30 DEBUG 45004 --- [traveller-service] [nio-8080-exec-2] org.hibernate.SQL                        : 
    select
        h1_0.id,
        h1_0.address,
        h1_0.city,
        h1_0.country,
        h1_0.created_at,
        h1_0.description,
        h1_0.email,
        h1_0.host_id,
        h1_0.name,
        h1_0.phone,
        h1_0.rating 
    from
        hotels h1_0 
    where
        1=1 
        and 1=1 
        and 1=1 
        and 1=1 
        and 1=1 
    offset
        ? rows 
    fetch
        first ? rows only
2026-05-20T22:08:58.306+05:30 DEBUG 45004 --- [traveller-service] [io-8080-exec-10] org.hibernate.SQL                        : 
    select
        r1_0.room_id,
        r1_0.id,
        r1_0.content,
        r1_0.created_at,
        r1_0.helpful_count,
        r1_0.hotel_id,
        r1_0.moderator_id,
        r1_0.moderator_notes,
        r1_0.rating,
        r1_0.review_type,
        r1_0.reviewed_at,
        r1_0.status,
        r1_0.title,
        r1_0.unhelpful_count,
        r1_0.updated_at,
        r1_0.user_id 
    from
        reviews r1_0 
    where
        r1_0.room_id=?
2026-05-20T22:08:58.385+05:30 DEBUG 45004 --- [traveller-service] [nio-8080-exec-4] org.hibernate.SQL                        : 
    select
        u1_0.id,
        u1_0.bio,
        u1_0.city,
        u1_0.email,
        u1_0.first_name,
        u1_0.image_key,
        u1_0.last_name,
        u1_0.password,
        u1_0.phone,
        u1_0.preferred_name,
        u1_0.provider,
        u1_0.provider_id,
        u1_0.time_zone,
        u1_0.travel_style 
    from
        users u1_0 
    where
        u1_0.email=?
2026-05-20T22:08:58.385+05:30 DEBUG 45004 --- [traveller-service] [io-8080-exec-10] org.hibernate.SQL                        : 
    select
        r1_0.room_id,
        r1_0.id,
        r1_0.content,
        r1_0.created_at,
        r1_0.helpful_count,
        r1_0.hotel_id,
        r1_0.moderator_id,
        r1_0.moderator_notes,
        r1_0.rating,
        r1_0.review_type,
        r1_0.reviewed_at,
        r1_0.status,
        r1_0.title,
        r1_0.unhelpful_count,
        r1_0.updated_at,
        r1_0.user_id 
    from
        reviews r1_0 
    where
        r1_0.room_id=?
2026-05-20T22:08:58.390+05:30 DEBUG 45004 --- [traveller-service] [nio-8080-exec-2] org.hibernate.SQL                        : 
    select
        h1_0.id,
        count(r1_0.id) 
    from
        hotels h1_0 
    left join
        reviews r1_0 
            on h1_0.id=r1_0.hotel_id 
    where
        h1_0.id in (?, ?, ?, ?, ?, ?, ?, ?, ?, ?, ?, ?, ?, ?, ?, ?, ?, ?, ?) 
    group by
        h1_0.id
2026-05-20T22:08:58.411+05:30 DEBUG 45004 --- [traveller-service] [nio-8080-exec-5] org.hibernate.SQL                        : 
    select
        w1_0.id,
        w1_0.created_at,
        w1_0.hotel_id,
        w1_0.user_id 
    from
        wishlists w1_0 
    where
        w1_0.user_id=?
2026-05-20T22:08:58.467+05:30 DEBUG 45004 --- [traveller-service] [io-8080-exec-10] org.hibernate.SQL                        : 
    select
        r1_0.room_id,
        r1_0.id,
        r1_0.content,
        r1_0.created_at,
        r1_0.helpful_count,
        r1_0.hotel_id,
        r1_0.moderator_id,
        r1_0.moderator_notes,
        r1_0.rating,
        r1_0.review_type,
        r1_0.reviewed_at,
        r1_0.status,
        r1_0.title,
        r1_0.unhelpful_count,
        r1_0.updated_at,
        r1_0.user_id 
    from
        reviews r1_0 
    where
        r1_0.room_id=?
2026-05-20T22:08:58.548+05:30 DEBUG 45004 --- [traveller-service] [io-8080-exec-10] org.hibernate.SQL                        : 
    select
        r1_0.room_id,
        r1_0.id,
        r1_0.content,
        r1_0.created_at,
        r1_0.helpful_count,
        r1_0.hotel_id,
        r1_0.moderator_id,
        r1_0.moderator_notes,
        r1_0.rating,
        r1_0.review_type,
        r1_0.reviewed_at,
        r1_0.status,
        r1_0.title,
        r1_0.unhelpful_count,
        r1_0.updated_at,
        r1_0.user_id 
    from
        reviews r1_0 
    where
        r1_0.room_id=?
2026-05-20T22:08:58.624+05:30 DEBUG 45004 --- [traveller-service] [io-8080-exec-10] org.hibernate.SQL                        : 
    select
        r1_0.room_id,
        r1_0.id,
        r1_0.content,
        r1_0.created_at,
        r1_0.helpful_count,
        r1_0.hotel_id,
        r1_0.moderator_id,
        r1_0.moderator_notes,
        r1_0.rating,
        r1_0.review_type,
        r1_0.reviewed_at,
        r1_0.status,
        r1_0.title,
        r1_0.unhelpful_count,
        r1_0.updated_at,
        r1_0.user_id 
    from
        reviews r1_0 
    where
        r1_0.room_id=?
2026-05-20T22:08:58.707+05:30 DEBUG 45004 --- [traveller-service] [io-8080-exec-10] org.hibernate.SQL                        : 
    select
        r1_0.room_id,
        r1_0.id,
        r1_0.content,
        r1_0.created_at,
        r1_0.helpful_count,
        r1_0.hotel_id,
        r1_0.moderator_id,
        r1_0.moderator_notes,
        r1_0.rating,
        r1_0.review_type,
        r1_0.reviewed_at,
        r1_0.status,
        r1_0.title,
        r1_0.unhelpful_count,
        r1_0.updated_at,
        r1_0.user_id 
    from
        reviews r1_0 
    where
        r1_0.room_id=?
2026-05-20T22:08:58.785+05:30 DEBUG 45004 --- [traveller-service] [io-8080-exec-10] org.hibernate.SQL                        : 
    select
        r1_0.room_id,
        r1_0.id,
        r1_0.content,
        r1_0.created_at,
        r1_0.helpful_count,
        r1_0.hotel_id,
        r1_0.moderator_id,
        r1_0.moderator_notes,
        r1_0.rating,
        r1_0.review_type,
        r1_0.reviewed_at,
        r1_0.status,
        r1_0.title,
        r1_0.unhelpful_count,
        r1_0.updated_at,
        r1_0.user_id 
    from
        reviews r1_0 
    where
        r1_0.room_id=?
2026-05-20T22:08:58.866+05:30 DEBUG 45004 --- [traveller-service] [io-8080-exec-10] org.hibernate.SQL                        : 
    select
        r1_0.room_id,
        r1_0.id,
        r1_0.content,
        r1_0.created_at,
        r1_0.helpful_count,
        r1_0.hotel_id,
        r1_0.moderator_id,
        r1_0.moderator_notes,
        r1_0.rating,
        r1_0.review_type,
        r1_0.reviewed_at,
        r1_0.status,
        r1_0.title,
        r1_0.unhelpful_count,
        r1_0.updated_at,
        r1_0.user_id 
    from
        reviews r1_0 
    where
        r1_0.room_id=?
2026-05-20T22:08:58.915+05:30 DEBUG 45004 --- [traveller-service] [nio-8080-exec-6] org.hibernate.SQL                        : 
    select
        w1_0.id,
        w1_0.created_at,
        w1_0.hotel_id,
        w1_0.user_id 
    from
        wishlists w1_0 
    where
        w1_0.user_id=?
2026-05-20T22:08:58.940+05:30 DEBUG 45004 --- [traveller-service] [io-8080-exec-10] org.hibernate.SQL                        : 
    select
        r1_0.room_id,
        r1_0.id,
        r1_0.content,
        r1_0.created_at,
        r1_0.helpful_count,
        r1_0.hotel_id,
        r1_0.moderator_id,
        r1_0.moderator_notes,
        r1_0.rating,
        r1_0.review_type,
        r1_0.reviewed_at,
        r1_0.status,
        r1_0.title,
        r1_0.unhelpful_count,
        r1_0.updated_at,
        r1_0.user_id 
    from
        reviews r1_0 
    where
        r1_0.room_id=?
2026-05-20T22:08:59.027+05:30 DEBUG 45004 --- [traveller-service] [io-8080-exec-10] org.hibernate.SQL                        : 
    select
        r1_0.room_id,
        r1_0.id,
        r1_0.content,
        r1_0.created_at,
        r1_0.helpful_count,
        r1_0.hotel_id,
        r1_0.moderator_id,
        r1_0.moderator_notes,
        r1_0.rating,
        r1_0.review_type,
        r1_0.reviewed_at,
        r1_0.status,
        r1_0.title,
        r1_0.unhelpful_count,
        r1_0.updated_at,
        r1_0.user_id 
    from
        reviews r1_0 
    where
        r1_0.room_id=?
2026-05-20T22:08:59.108+05:30 DEBUG 45004 --- [traveller-service] [io-8080-exec-10] org.hibernate.SQL                        : 
    select
        r1_0.room_id,
        r1_0.id,
        r1_0.content,
        r1_0.created_at,
        r1_0.helpful_count,
        r1_0.hotel_id,
        r1_0.moderator_id,
        r1_0.moderator_notes,
        r1_0.rating,
        r1_0.review_type,
        r1_0.reviewed_at,
        r1_0.status,
        r1_0.title,
        r1_0.unhelpful_count,
        r1_0.updated_at,
        r1_0.user_id 
    from
        reviews r1_0 
    where
        r1_0.room_id=?
2026-05-20T22:08:59.190+05:30 DEBUG 45004 --- [traveller-service] [io-8080-exec-10] org.hibernate.SQL                        : 
    select
        r1_0.room_id,
        r1_0.id,
        r1_0.content,
        r1_0.created_at,
        r1_0.helpful_count,
        r1_0.hotel_id,
        r1_0.moderator_id,
        r1_0.moderator_notes,
        r1_0.rating,
        r1_0.review_type,
        r1_0.reviewed_at,
        r1_0.status,
        r1_0.title,
        r1_0.unhelpful_count,
        r1_0.updated_at,
        r1_0.user_id 
    from
        reviews r1_0 
    where
        r1_0.room_id=?
2026-05-20T22:08:59.272+05:30 DEBUG 45004 --- [traveller-service] [io-8080-exec-10] org.hibernate.SQL                        : 
    select
        r1_0.room_id,
        r1_0.id,
        r1_0.content,
        r1_0.created_at,
        r1_0.helpful_count,
        r1_0.hotel_id,
        r1_0.moderator_id,
        r1_0.moderator_notes,
        r1_0.rating,
        r1_0.review_type,
        r1_0.reviewed_at,
        r1_0.status,
        r1_0.title,
        r1_0.unhelpful_count,
        r1_0.updated_at,
        r1_0.user_id 
    from
        reviews r1_0 
    where
        r1_0.room_id=?
2026-05-20T22:08:59.674+05:30 DEBUG 45004 --- [traveller-service] [nio-8080-exec-7] org.hibernate.SQL                        : 
    select
        r1_0.id,
        r1_0.available,
        r1_0.created_at,
        r1_0.hotel_id,
        r1_0.number,
        r1_0.price_per_night,
        r1_0.type 
    from
        rooms r1_0
2026-05-20T22:08:59.838+05:30 DEBUG 45004 --- [traveller-service] [nio-8080-exec-7] org.hibernate.SQL                        : 
    select
        r1_0.room_id,
        r1_0.id,
        r1_0.content,
        r1_0.created_at,
        r1_0.helpful_count,
        r1_0.hotel_id,
        r1_0.moderator_id,
        r1_0.moderator_notes,
        r1_0.rating,
        r1_0.review_type,
        r1_0.reviewed_at,
        r1_0.status,
        r1_0.title,
        r1_0.unhelpful_count,
        r1_0.updated_at,
        r1_0.user_id 
    from
        reviews r1_0 
    where
        r1_0.room_id=?
2026-05-20T22:08:59.922+05:30 DEBUG 45004 --- [traveller-service] [nio-8080-exec-7] org.hibernate.SQL                        : 
    select
        r1_0.room_id,
        r1_0.id,
        r1_0.content,
        r1_0.created_at,
        r1_0.helpful_count,
        r1_0.hotel_id,
        r1_0.moderator_id,
        r1_0.moderator_notes,
        r1_0.rating,
        r1_0.review_type,
        r1_0.reviewed_at,
        r1_0.status,
        r1_0.title,
        r1_0.unhelpful_count,
        r1_0.updated_at,
        r1_0.user_id 
    from
        reviews r1_0 
    where
        r1_0.room_id=?
2026-05-20T22:09:00.006+05:30 DEBUG 45004 --- [traveller-service] [nio-8080-exec-7] org.hibernate.SQL                        : 
    select
        r1_0.room_id,
        r1_0.id,
        r1_0.content,
        r1_0.created_at,
        r1_0.helpful_count,
        r1_0.hotel_id,
        r1_0.moderator_id,
        r1_0.moderator_notes,
        r1_0.rating,
        r1_0.review_type,
        r1_0.reviewed_at,
        r1_0.status,
        r1_0.title,
        r1_0.unhelpful_count,
        r1_0.updated_at,
        r1_0.user_id 
    from
        reviews r1_0 
    where
        r1_0.room_id=?
2026-05-20T22:09:00.083+05:30 DEBUG 45004 --- [traveller-service] [nio-8080-exec-7] org.hibernate.SQL                        : 
    select
        r1_0.room_id,
        r1_0.id,
        r1_0.content,
        r1_0.created_at,
        r1_0.helpful_count,
        r1_0.hotel_id,
        r1_0.moderator_id,
        r1_0.moderator_notes,
        r1_0.rating,
        r1_0.review_type,
        r1_0.reviewed_at,
        r1_0.status,
        r1_0.title,
        r1_0.unhelpful_count,
        r1_0.updated_at,
        r1_0.user_id 
    from
        reviews r1_0 
    where
        r1_0.room_id=?
2026-05-20T22:09:00.164+05:30 DEBUG 45004 --- [traveller-service] [nio-8080-exec-7] org.hibernate.SQL                        : 
    select
        r1_0.room_id,
        r1_0.id,
        r1_0.content,
        r1_0.created_at,
        r1_0.helpful_count,
        r1_0.hotel_id,
        r1_0.moderator_id,
        r1_0.moderator_notes,
        r1_0.rating,
        r1_0.review_type,
        r1_0.reviewed_at,
        r1_0.status,
        r1_0.title,
        r1_0.unhelpful_count,
        r1_0.updated_at,
        r1_0.user_id 
    from
        reviews r1_0 
    where
        r1_0.room_id=?
2026-05-20T22:09:00.247+05:30 DEBUG 45004 --- [traveller-service] [nio-8080-exec-7] org.hibernate.SQL                        : 
    select
        r1_0.room_id,
        r1_0.id,
        r1_0.content,
        r1_0.created_at,
        r1_0.helpful_count,
        r1_0.hotel_id,
        r1_0.moderator_id,
        r1_0.moderator_notes,
        r1_0.rating,
        r1_0.review_type,
        r1_0.reviewed_at,
        r1_0.status,
        r1_0.title,
        r1_0.unhelpful_count,
        r1_0.updated_at,
        r1_0.user_id 
    from
        reviews r1_0 
    where
        r1_0.room_id=?
2026-05-20T22:09:00.323+05:30 DEBUG 45004 --- [traveller-service] [nio-8080-exec-7] org.hibernate.SQL                        : 
    select
        r1_0.room_id,
        r1_0.id,
        r1_0.content,
        r1_0.created_at,
        r1_0.helpful_count,
        r1_0.hotel_id,
        r1_0.moderator_id,
        r1_0.moderator_notes,
        r1_0.rating,
        r1_0.review_type,
        r1_0.reviewed_at,
        r1_0.status,
        r1_0.title,
        r1_0.unhelpful_count,
        r1_0.updated_at,
        r1_0.user_id 
    from
        reviews r1_0 
    where
        r1_0.room_id=?
2026-05-20T22:09:00.399+05:30 DEBUG 45004 --- [traveller-service] [nio-8080-exec-7] org.hibernate.SQL                        : 
    select
        r1_0.room_id,
        r1_0.id,
        r1_0.content,
        r1_0.created_at,
        r1_0.helpful_count,
        r1_0.hotel_id,
        r1_0.moderator_id,
        r1_0.moderator_notes,
        r1_0.rating,
        r1_0.review_type,
        r1_0.reviewed_at,
        r1_0.status,
        r1_0.title,
        r1_0.unhelpful_count,
        r1_0.updated_at,
        r1_0.user_id 
    from
        reviews r1_0 
    where
        r1_0.room_id=?
2026-05-20T22:09:00.479+05:30 DEBUG 45004 --- [traveller-service] [nio-8080-exec-7] org.hibernate.SQL                        : 
    select
        r1_0.room_id,
        r1_0.id,
        r1_0.content,
        r1_0.created_at,
        r1_0.helpful_count,
        r1_0.hotel_id,
        r1_0.moderator_id,
        r1_0.moderator_notes,
        r1_0.rating,
        r1_0.review_type,
        r1_0.reviewed_at,
        r1_0.status,
        r1_0.title,
        r1_0.unhelpful_count,
        r1_0.updated_at,
        r1_0.user_id 
    from
        reviews r1_0 
    where
        r1_0.room_id=?
2026-05-20T22:09:00.558+05:30 DEBUG 45004 --- [traveller-service] [nio-8080-exec-7] org.hibernate.SQL                        : 
    select
        r1_0.room_id,
        r1_0.id,
        r1_0.content,
        r1_0.created_at,
        r1_0.helpful_count,
        r1_0.hotel_id,
        r1_0.moderator_id,
        r1_0.moderator_notes,
        r1_0.rating,
        r1_0.review_type,
        r1_0.reviewed_at,
        r1_0.status,
        r1_0.title,
        r1_0.unhelpful_count,
        r1_0.updated_at,
        r1_0.user_id 
    from
        reviews r1_0 
    where
        r1_0.room_id=?
2026-05-20T22:09:00.637+05:30 DEBUG 45004 --- [traveller-service] [nio-8080-exec-7] org.hibernate.SQL                        : 
    select
        r1_0.room_id,
        r1_0.id,
        r1_0.content,
        r1_0.created_at,
        r1_0.helpful_count,
        r1_0.hotel_id,
        r1_0.moderator_id,
        r1_0.moderator_notes,
        r1_0.rating,
        r1_0.review_type,
        r1_0.reviewed_at,
        r1_0.status,
        r1_0.title,
        r1_0.unhelpful_count,
        r1_0.updated_at,
        r1_0.user_id 
    from
        reviews r1_0 
    where
        r1_0.room_id=?
2026-05-20T22:09:00.717+05:30 DEBUG 45004 --- [traveller-service] [nio-8080-exec-7] org.hibernate.SQL                        : 
    select
        r1_0.room_id,
        r1_0.id,
        r1_0.content,
        r1_0.created_at,
        r1_0.helpful_count,
        r1_0.hotel_id,
        r1_0.moderator_id,
        r1_0.moderator_notes,
        r1_0.rating,
        r1_0.review_type,
        r1_0.reviewed_at,
        r1_0.status,
        r1_0.title,
        r1_0.unhelpful_count,
        r1_0.updated_at,
        r1_0.user_id 
    from
        reviews r1_0 
    where
        r1_0.room_id=?
2026-05-20T22:09:00.796+05:30 DEBUG 45004 --- [traveller-service] [nio-8080-exec-7] org.hibernate.SQL                        : 
    select
        r1_0.room_id,
        r1_0.id,
        r1_0.content,
        r1_0.created_at,
        r1_0.helpful_count,
        r1_0.hotel_id,
        r1_0.moderator_id,
        r1_0.moderator_notes,
        r1_0.rating,
        r1_0.review_type,
        r1_0.reviewed_at,
        r1_0.status,
        r1_0.title,
        r1_0.unhelpful_count,
        r1_0.updated_at,
        r1_0.user_id 
    from
        reviews r1_0 
    where
        r1_0.room_id=?
2026-05-20T22:09:00.876+05:30 DEBUG 45004 --- [traveller-service] [nio-8080-exec-7] org.hibernate.SQL                        : 
    select
        r1_0.room_id,
        r1_0.id,
        r1_0.content,
        r1_0.created_at,
        r1_0.helpful_count,
        r1_0.hotel_id,
        r1_0.moderator_id,
        r1_0.moderator_notes,
        r1_0.rating,
        r1_0.review_type,
        r1_0.reviewed_at,
        r1_0.status,
        r1_0.title,
        r1_0.unhelpful_count,
        r1_0.updated_at,
        r1_0.user_id 
    from
        reviews r1_0 
    where
        r1_0.room_id=?
2026-05-20T22:09:00.971+05:30 DEBUG 45004 --- [traveller-service] [nio-8080-exec-7] org.hibernate.SQL                        : 
    select
        r1_0.room_id,
        r1_0.id,
        r1_0.content,
        r1_0.created_at,
        r1_0.helpful_count,
        r1_0.hotel_id,
        r1_0.moderator_id,
        r1_0.moderator_notes,
        r1_0.rating,
        r1_0.review_type,
        r1_0.reviewed_at,
        r1_0.status,
        r1_0.title,
        r1_0.unhelpful_count,
        r1_0.updated_at,
        r1_0.user_id 
    from
        reviews r1_0 
    where
        r1_0.room_id=?
2026-05-20T22:09:01.050+05:30 DEBUG 45004 --- [traveller-service] [nio-8080-exec-7] org.hibernate.SQL                        : 
    select
        r1_0.room_id,
        r1_0.id,
        r1_0.content,
        r1_0.created_at,
        r1_0.helpful_count,
        r1_0.hotel_id,
        r1_0.moderator_id,
        r1_0.moderator_notes,
        r1_0.rating,
        r1_0.review_type,
        r1_0.reviewed_at,
        r1_0.status,
        r1_0.title,
        r1_0.unhelpful_count,
        r1_0.updated_at,
        r1_0.user_id 
    from
        reviews r1_0 
    where
        r1_0.room_id=?
2026-05-20T22:09:01.130+05:30 DEBUG 45004 --- [traveller-service] [nio-8080-exec-7] org.hibernate.SQL                        : 
    select
        r1_0.room_id,
        r1_0.id,
        r1_0.content,
        r1_0.created_at,
        r1_0.helpful_count,
        r1_0.hotel_id,
        r1_0.moderator_id,
        r1_0.moderator_notes,
        r1_0.rating,
        r1_0.review_type,
        r1_0.reviewed_at,
        r1_0.status,
        r1_0.title,
        r1_0.unhelpful_count,
        r1_0.updated_at,
        r1_0.user_id 
    from
        reviews r1_0 
    where
        r1_0.room_id=?
2026-05-20T22:09:01.214+05:30 DEBUG 45004 --- [traveller-service] [nio-8080-exec-7] org.hibernate.SQL                        : 
    select
        r1_0.room_id,
        r1_0.id,
        r1_0.content,
        r1_0.created_at,
        r1_0.helpful_count,
        r1_0.hotel_id,
        r1_0.moderator_id,
        r1_0.moderator_notes,
        r1_0.rating,
        r1_0.review_type,
        r1_0.reviewed_at,
        r1_0.status,
        r1_0.title,
        r1_0.unhelpful_count,
        r1_0.updated_at,
        r1_0.user_id 
    from
        reviews r1_0 
    where
        r1_0.room_id=?
2026-05-20T22:09:01.291+05:30 DEBUG 45004 --- [traveller-service] [nio-8080-exec-7] org.hibernate.SQL                        : 
    select
        r1_0.room_id,
        r1_0.id,
        r1_0.content,
        r1_0.created_at,
        r1_0.helpful_count,
        r1_0.hotel_id,
        r1_0.moderator_id,
        r1_0.moderator_notes,
        r1_0.rating,
        r1_0.review_type,
        r1_0.reviewed_at,
        r1_0.status,
        r1_0.title,
        r1_0.unhelpful_count,
        r1_0.updated_at,
        r1_0.user_id 
    from
        reviews r1_0 
    where
        r1_0.room_id=?
2026-05-20T22:09:01.376+05:30 DEBUG 45004 --- [traveller-service] [nio-8080-exec-7] org.hibernate.SQL                        : 
    select
        r1_0.room_id,
        r1_0.id,
        r1_0.content,
        r1_0.created_at,
        r1_0.helpful_count,
        r1_0.hotel_id,
        r1_0.moderator_id,
        r1_0.moderator_notes,
        r1_0.rating,
        r1_0.review_type,
        r1_0.reviewed_at,
        r1_0.status,
        r1_0.title,
        r1_0.unhelpful_count,
        r1_0.updated_at,
        r1_0.user_id 
    from
        reviews r1_0 
    where
        r1_0.room_id=?
2026-05-20T22:09:01.455+05:30 DEBUG 45004 --- [traveller-service] [nio-8080-exec-7] org.hibernate.SQL                        : 
    select
        r1_0.room_id,
        r1_0.id,
        r1_0.content,
        r1_0.created_at,
        r1_0.helpful_count,
        r1_0.hotel_id,
        r1_0.moderator_id,
        r1_0.moderator_notes,
        r1_0.rating,
        r1_0.review_type,
        r1_0.reviewed_at,
        r1_0.status,
        r1_0.title,
        r1_0.unhelpful_count,
        r1_0.updated_at,
        r1_0.user_id 
    from
        reviews r1_0 
    where
        r1_0.room_id=?
2026-05-20T22:09:01.541+05:30 DEBUG 45004 --- [traveller-service] [nio-8080-exec-7] org.hibernate.SQL                        : 
    select
        r1_0.room_id,
        r1_0.id,
        r1_0.content,
        r1_0.created_at,
        r1_0.helpful_count,
        r1_0.hotel_id,
        r1_0.moderator_id,
        r1_0.moderator_notes,
        r1_0.rating,
        r1_0.review_type,
        r1_0.reviewed_at,
        r1_0.status,
        r1_0.title,
        r1_0.unhelpful_count,
        r1_0.updated_at,
        r1_0.user_id 
    from
        reviews r1_0 
    where
        r1_0.room_id=?
2026-05-20T22:09:54.346+05:30 DEBUG 45004 --- [traveller-service] [nio-8080-exec-8] org.hibernate.SQL                        : 
    select
        u1_0.id,
        u1_0.bio,
        u1_0.city,
        u1_0.email,
        u1_0.first_name,
        u1_0.image_key,
        u1_0.last_name,
        u1_0.password,
        u1_0.phone,
        u1_0.preferred_name,
        u1_0.provider,
        u1_0.provider_id,
        u1_0.time_zone,
        u1_0.travel_style 
    from
        users u1_0 
    where
        u1_0.email=?
2026-05-20T22:09:54.610+05:30 DEBUG 45004 --- [traveller-service] [nio-8080-exec-9] org.hibernate.SQL                        : 
    select
        u1_0.id,
        u1_0.bio,
        u1_0.city,
        u1_0.email,
        u1_0.first_name,
        u1_0.image_key,
        u1_0.last_name,
        u1_0.password,
        u1_0.phone,
        u1_0.preferred_name,
        u1_0.provider,
        u1_0.provider_id,
        u1_0.time_zone,
        u1_0.travel_style 
    from
        users u1_0 
    where
        u1_0.email=?
2026-05-20T22:09:54.866+05:30  INFO 45004 --- [traveller-service] [nio-8080-exec-1] c.t.t.n.c.NotificationController         : Fetching preferences for user: 17
2026-05-20T22:09:54.879+05:30 DEBUG 45004 --- [traveller-service] [nio-8080-exec-1] org.hibernate.SQL                        : 
    select
        unp1_0.id,
        unp1_0.account_alerts,
        unp1_0.booking_confirmation,
        unp1_0.booking_reminder,
        unp1_0.check_in_reminder,
        unp1_0.check_out_reminder,
        unp1_0.created_at,
        unp1_0.email_enabled,
        unp1_0.in_app_enabled,
        unp1_0.loyalty_updates,
        unp1_0.payment_notifications,
        unp1_0.promotional_offers,
        unp1_0.quiet_hours_enabled,
        unp1_0.quiet_hours_end,
        unp1_0.quiet_hours_start,
        unp1_0.review_requests,
        unp1_0.sms_enabled,
        unp1_0.unsubscribed_types,
        unp1_0.updated_at,
        unp1_0.user_id 
    from
        user_notification_preferences unp1_0 
    where
        unp1_0.user_id=?
2026-05-20T22:09:55.459+05:30  INFO 45004 --- [traveller-service] [nio-8080-exec-3] c.t.t.n.c.NotificationController         : Fetching preferences for user: 17
2026-05-20T22:09:55.547+05:30 DEBUG 45004 --- [traveller-service] [nio-8080-exec-3] org.hibernate.SQL                        : 
    select
        unp1_0.id,
        unp1_0.account_alerts,
        unp1_0.booking_confirmation,
        unp1_0.booking_reminder,
        unp1_0.check_in_reminder,
        unp1_0.check_out_reminder,
        unp1_0.created_at,
        unp1_0.email_enabled,
        unp1_0.in_app_enabled,
        unp1_0.loyalty_updates,
        unp1_0.payment_notifications,
        unp1_0.promotional_offers,
        unp1_0.quiet_hours_enabled,
        unp1_0.quiet_hours_end,
        unp1_0.quiet_hours_start,
        unp1_0.review_requests,
        unp1_0.sms_enabled,
        unp1_0.unsubscribed_types,
        unp1_0.updated_at,
        unp1_0.user_id 
    from
        user_notification_preferences unp1_0 
    where
        unp1_0.user_id=?
2026-05-20T22:10:06.479+05:30 DEBUG 45004 --- [traveller-service] [nio-8080-exec-4] org.hibernate.SQL                        : 
    select
        u1_0.id,
        u1_0.bio,
        u1_0.city,
        u1_0.email,
        u1_0.first_name,
        u1_0.image_key,
        u1_0.last_name,
        u1_0.password,
        u1_0.phone,
        u1_0.preferred_name,
        u1_0.provider,
        u1_0.provider_id,
        u1_0.time_zone,
        u1_0.travel_style 
    from
        users u1_0 
    where
        u1_0.email=?
2026-05-20T22:10:06.741+05:30 DEBUG 45004 --- [traveller-service] [nio-8080-exec-5] org.hibernate.SQL                        : 
    select
        u1_0.id,
        u1_0.bio,
        u1_0.city,
        u1_0.email,
        u1_0.first_name,
        u1_0.image_key,
        u1_0.last_name,
        u1_0.password,
        u1_0.phone,
        u1_0.preferred_name,
        u1_0.provider,
        u1_0.provider_id,
        u1_0.time_zone,
        u1_0.travel_style 
    from
        users u1_0 
    where
        u1_0.email=?
2026-05-20T22:10:14.004+05:30 ERROR 45004 --- [traveller-service] [nio-8080-exec-2] c.t.t.p.controller.PaymentController     : Error fetching payment methods

java.lang.NullPointerException: Cannot invoke "org.springframework.security.core.Authentication.getName()" because "authentication" is null
	at com.travolish.traveller.payment.controller.PaymentController.getPaymentMethods(PaymentController.java:84) ~[!/:0.0.1-SNAPSHOT]
	at java.base/jdk.internal.reflect.DirectMethodHandleAccessor.invoke(DirectMethodHandleAccessor.java:103) ~[na:na]
	at java.base/java.lang.reflect.Method.invoke(Method.java:580) ~[na:na]
	at org.springframework.web.method.support.InvocableHandlerMethod.doInvoke(InvocableHandlerMethod.java:258) ~[spring-web-7.0.2.jar!/:7.0.2]
	at org.springframework.web.method.support.InvocableHandlerMethod.invokeForRequest(InvocableHandlerMethod.java:190) ~[spring-web-7.0.2.jar!/:7.0.2]
	at org.springframework.web.servlet.mvc.method.annotation.ServletInvocableHandlerMethod.invokeAndHandle(ServletInvocableHandlerMethod.java:117) ~[spring-webmvc-7.0.2.jar!/:7.0.2]
	at org.springframework.web.servlet.mvc.method.annotation.RequestMappingHandlerAdapter.invokeHandlerMethod(RequestMappingHandlerAdapter.java:934) ~[spring-webmvc-7.0.2.jar!/:7.0.2]
	at org.springframework.web.servlet.mvc.method.annotation.RequestMappingHandlerAdapter.handleInternal(RequestMappingHandlerAdapter.java:853) ~[spring-webmvc-7.0.2.jar!/:7.0.2]
	at org.springframework.web.servlet.mvc.method.AbstractHandlerMethodAdapter.handle(AbstractHandlerMethodAdapter.java:86) ~[spring-webmvc-7.0.2.jar!/:7.0.2]
	at org.springframework.web.servlet.DispatcherServlet.doDispatch(DispatcherServlet.java:963) ~[spring-webmvc-7.0.2.jar!/:7.0.2]
	at org.springframework.web.servlet.DispatcherServlet.doService(DispatcherServlet.java:866) ~[spring-webmvc-7.0.2.jar!/:7.0.2]
	at org.springframework.web.servlet.FrameworkServlet.processRequest(FrameworkServlet.java:1003) ~[spring-webmvc-7.0.2.jar!/:7.0.2]
	at org.springframework.web.servlet.FrameworkServlet.doGet(FrameworkServlet.java:892) ~[spring-webmvc-7.0.2.jar!/:7.0.2]
	at jakarta.servlet.http.HttpServlet.service(HttpServlet.java:622) ~[tomcat-embed-core-11.0.15.jar!/:na]
	at org.springframework.web.servlet.FrameworkServlet.service(FrameworkServlet.java:874) ~[spring-webmvc-7.0.2.jar!/:7.0.2]
	at jakarta.servlet.http.HttpServlet.service(HttpServlet.java:710) ~[tomcat-embed-core-11.0.15.jar!/:na]
	at org.apache.catalina.core.ApplicationFilterChain.doFilter(ApplicationFilterChain.java:128) ~[tomcat-embed-core-11.0.15.jar!/:na]
	at org.apache.tomcat.websocket.server.WsFilter.doFilter(WsFilter.java:53) ~[tomcat-embed-websocket-11.0.15.jar!/:na]
	at org.apache.catalina.core.ApplicationFilterChain.doFilter(ApplicationFilterChain.java:107) ~[tomcat-embed-core-11.0.15.jar!/:na]
	at org.springframework.web.filter.CompositeFilter$VirtualFilterChain.doFilter(CompositeFilter.java:108) ~[spring-web-7.0.2.jar!/:7.0.2]
	at org.springframework.security.web.FilterChainProxy.lambda$doFilterInternal$3(FilterChainProxy.java:235) ~[spring-security-web-7.0.2.jar!/:7.0.2]
	at org.springframework.security.web.FilterChainProxy$VirtualFilterChain.doFilter(FilterChainProxy.java:371) ~[spring-security-web-7.0.2.jar!/:7.0.2]
	at org.springframework.security.web.access.intercept.AuthorizationFilter.doFilter(AuthorizationFilter.java:101) ~[spring-security-web-7.0.2.jar!/:7.0.2]
	at org.springframework.security.web.FilterChainProxy$VirtualFilterChain.doFilter(FilterChainProxy.java:380) ~[spring-security-web-7.0.2.jar!/:7.0.2]
	at org.springframework.security.web.access.ExceptionTranslationFilter.doFilter(ExceptionTranslationFilter.java:126) ~[spring-security-web-7.0.2.jar!/:7.0.2]
	at org.springframework.security.web.access.ExceptionTranslationFilter.doFilter(ExceptionTranslationFilter.java:120) ~[spring-security-web-7.0.2.jar!/:7.0.2]
	at org.springframework.security.web.FilterChainProxy$VirtualFilterChain.doFilter(FilterChainProxy.java:380) ~[spring-security-web-7.0.2.jar!/:7.0.2]
	at org.springframework.security.web.authentication.AnonymousAuthenticationFilter.doFilter(AnonymousAuthenticationFilter.java:100) ~[spring-security-web-7.0.2.jar!/:7.0.2]
	at org.springframework.security.web.FilterChainProxy$VirtualFilterChain.doFilter(FilterChainProxy.java:380) ~[spring-security-web-7.0.2.jar!/:7.0.2]
	at org.springframework.security.web.servletapi.SecurityContextHolderAwareRequestFilter.doFilter(SecurityContextHolderAwareRequestFilter.java:181) ~[spring-security-web-7.0.2.jar!/:7.0.2]
	at org.springframework.security.web.FilterChainProxy$VirtualFilterChain.doFilter(FilterChainProxy.java:380) ~[spring-security-web-7.0.2.jar!/:7.0.2]
	at org.springframework.security.web.savedrequest.RequestCacheAwareFilter.doFilter(RequestCacheAwareFilter.java:63) ~[spring-security-web-7.0.2.jar!/:7.0.2]
	at org.springframework.security.web.FilterChainProxy$VirtualFilterChain.doFilter(FilterChainProxy.java:380) ~[spring-security-web-7.0.2.jar!/:7.0.2]
	at org.springframework.security.web.authentication.ui.DefaultLogoutPageGeneratingFilter.doFilterInternal(DefaultLogoutPageGeneratingFilter.java:60) ~[spring-security-web-7.0.2.jar!/:7.0.2]
	at org.springframework.web.filter.OncePerRequestFilter.doFilter(OncePerRequestFilter.java:116) ~[spring-web-7.0.2.jar!/:7.0.2]
	at org.springframework.security.web.FilterChainProxy$VirtualFilterChain.doFilter(FilterChainProxy.java:380) ~[spring-security-web-7.0.2.jar!/:7.0.2]
	at org.springframework.security.web.authentication.ui.DefaultLoginPageGeneratingFilter.doFilter(DefaultLoginPageGeneratingFilter.java:246) ~[spring-security-web-7.0.2.jar!/:7.0.2]
	at org.springframework.security.web.authentication.ui.DefaultLoginPageGeneratingFilter.doFilter(DefaultLoginPageGeneratingFilter.java:232) ~[spring-security-web-7.0.2.jar!/:7.0.2]
	at org.springframework.security.web.FilterChainProxy$VirtualFilterChain.doFilter(FilterChainProxy.java:380) ~[spring-security-web-7.0.2.jar!/:7.0.2]
	at org.springframework.security.web.authentication.ui.DefaultResourcesFilter.doFilter(DefaultResourcesFilter.java:73) ~[spring-security-web-7.0.2.jar!/:7.0.2]
	at org.springframework.security.web.FilterChainProxy$VirtualFilterChain.doFilter(FilterChainProxy.java:380) ~[spring-security-web-7.0.2.jar!/:7.0.2]
	at org.springframework.security.web.authentication.AbstractAuthenticationProcessingFilter.doFilter(AbstractAuthenticationProcessingFilter.java:245) ~[spring-security-web-7.0.2.jar!/:7.0.2]
	at org.springframework.security.web.authentication.AbstractAuthenticationProcessingFilter.doFilter(AbstractAuthenticationProcessingFilter.java:239) ~[spring-security-web-7.0.2.jar!/:7.0.2]
	at org.springframework.security.web.FilterChainProxy$VirtualFilterChain.doFilter(FilterChainProxy.java:380) ~[spring-security-web-7.0.2.jar!/:7.0.2]
	at org.springframework.security.oauth2.client.web.OAuth2AuthorizationRequestRedirectFilter.doFilterInternal(OAuth2AuthorizationRequestRedirectFilter.java:195) ~[spring-security-oauth2-client-7.0.2.jar!/:7.0.2]
	at org.springframework.web.filter.OncePerRequestFilter.doFilter(OncePerRequestFilter.java:116) ~[spring-web-7.0.2.jar!/:7.0.2]
	at org.springframework.security.web.FilterChainProxy$VirtualFilterChain.doFilter(FilterChainProxy.java:380) ~[spring-security-web-7.0.2.jar!/:7.0.2]
	at org.springframework.security.web.authentication.logout.LogoutFilter.doFilter(LogoutFilter.java:110) ~[spring-security-web-7.0.2.jar!/:7.0.2]
	at org.springframework.security.web.authentication.logout.LogoutFilter.doFilter(LogoutFilter.java:96) ~[spring-security-web-7.0.2.jar!/:7.0.2]
	at org.springframework.security.web.FilterChainProxy$VirtualFilterChain.doFilter(FilterChainProxy.java:380) ~[spring-security-web-7.0.2.jar!/:7.0.2]
	at org.springframework.security.web.header.HeaderWriterFilter.doHeadersAfter(HeaderWriterFilter.java:90) ~[spring-security-web-7.0.2.jar!/:7.0.2]
	at org.springframework.security.web.header.HeaderWriterFilter.doFilterInternal(HeaderWriterFilter.java:75) ~[spring-security-web-7.0.2.jar!/:7.0.2]
	at org.springframework.web.filter.OncePerRequestFilter.doFilter(OncePerRequestFilter.java:116) ~[spring-web-7.0.2.jar!/:7.0.2]
	at org.springframework.security.web.FilterChainProxy$VirtualFilterChain.doFilter(FilterChainProxy.java:380) ~[spring-security-web-7.0.2.jar!/:7.0.2]
	at org.springframework.security.web.context.SecurityContextHolderFilter.doFilter(SecurityContextHolderFilter.java:82) ~[spring-security-web-7.0.2.jar!/:7.0.2]
	at org.springframework.security.web.context.SecurityContextHolderFilter.doFilter(SecurityContextHolderFilter.java:69) ~[spring-security-web-7.0.2.jar!/:7.0.2]
	at org.springframework.security.web.FilterChainProxy$VirtualFilterChain.doFilter(FilterChainProxy.java:380) ~[spring-security-web-7.0.2.jar!/:7.0.2]
	at org.springframework.security.web.context.request.async.WebAsyncManagerIntegrationFilter.doFilterInternal(WebAsyncManagerIntegrationFilter.java:62) ~[spring-security-web-7.0.2.jar!/:7.0.2]
	at org.springframework.web.filter.OncePerRequestFilter.doFilter(OncePerRequestFilter.java:116) ~[spring-web-7.0.2.jar!/:7.0.2]
	at org.springframework.security.web.FilterChainProxy$VirtualFilterChain.doFilter(FilterChainProxy.java:380) ~[spring-security-web-7.0.2.jar!/:7.0.2]
	at org.springframework.security.web.session.DisableEncodeUrlFilter.doFilterInternal(DisableEncodeUrlFilter.java:42) ~[spring-security-web-7.0.2.jar!/:7.0.2]
	at org.springframework.web.filter.OncePerRequestFilter.doFilter(OncePerRequestFilter.java:116) ~[spring-web-7.0.2.jar!/:7.0.2]
	at org.springframework.security.web.FilterChainProxy$VirtualFilterChain.doFilter(FilterChainProxy.java:380) ~[spring-security-web-7.0.2.jar!/:7.0.2]
	at org.springframework.security.web.FilterChainProxy.doFilterInternal(FilterChainProxy.java:237) ~[spring-security-web-7.0.2.jar!/:7.0.2]
	at org.springframework.security.web.FilterChainProxy.doFilter(FilterChainProxy.java:195) ~[spring-security-web-7.0.2.jar!/:7.0.2]
	at org.springframework.web.filter.CompositeFilter$VirtualFilterChain.doFilter(CompositeFilter.java:113) ~[spring-web-7.0.2.jar!/:7.0.2]
	at org.springframework.web.filter.ServletRequestPathFilter.doFilter(ServletRequestPathFilter.java:52) ~[spring-web-7.0.2.jar!/:7.0.2]
	at org.springframework.web.filter.CompositeFilter$VirtualFilterChain.doFilter(CompositeFilter.java:113) ~[spring-web-7.0.2.jar!/:7.0.2]
	at org.springframework.web.filter.CompositeFilter.doFilter(CompositeFilter.java:74) ~[spring-web-7.0.2.jar!/:7.0.2]
	at org.springframework.security.config.annotation.web.configuration.WebSecurityConfiguration$CompositeFilterChainProxy.doFilter(WebSecurityConfiguration.java:317) ~[spring-security-config-7.0.2.jar!/:7.0.2]
	at org.springframework.web.filter.DelegatingFilterProxy.invokeDelegate(DelegatingFilterProxy.java:355) ~[spring-web-7.0.2.jar!/:7.0.2]
	at org.springframework.web.filter.DelegatingFilterProxy.doFilter(DelegatingFilterProxy.java:272) ~[spring-web-7.0.2.jar!/:7.0.2]
	at org.apache.catalina.core.ApplicationFilterChain.doFilter(ApplicationFilterChain.java:107) ~[tomcat-embed-core-11.0.15.jar!/:na]
	at org.springframework.web.filter.RequestContextFilter.doFilterInternal(RequestContextFilter.java:100) ~[spring-web-7.0.2.jar!/:7.0.2]
	at org.springframework.web.filter.OncePerRequestFilter.doFilter(OncePerRequestFilter.java:116) ~[spring-web-7.0.2.jar!/:7.0.2]
	at org.apache.catalina.core.ApplicationFilterChain.doFilter(ApplicationFilterChain.java:107) ~[tomcat-embed-core-11.0.15.jar!/:na]
	at org.springframework.web.filter.FormContentFilter.doFilterInternal(FormContentFilter.java:93) ~[spring-web-7.0.2.jar!/:7.0.2]
	at org.springframework.web.filter.OncePerRequestFilter.doFilter(OncePerRequestFilter.java:116) ~[spring-web-7.0.2.jar!/:7.0.2]
	at org.apache.catalina.core.ApplicationFilterChain.doFilter(ApplicationFilterChain.java:107) ~[tomcat-embed-core-11.0.15.jar!/:na]
	at org.springframework.web.filter.CharacterEncodingFilter.doFilterInternal(CharacterEncodingFilter.java:199) ~[spring-web-7.0.2.jar!/:7.0.2]
	at org.springframework.web.filter.OncePerRequestFilter.doFilter(OncePerRequestFilter.java:116) ~[spring-web-7.0.2.jar!/:7.0.2]
	at org.apache.catalina.core.ApplicationFilterChain.doFilter(ApplicationFilterChain.java:107) ~[tomcat-embed-core-11.0.15.jar!/:na]
	at org.apache.catalina.core.StandardWrapperValve.invoke(StandardWrapperValve.java:165) ~[tomcat-embed-core-11.0.15.jar!/:na]
	at org.apache.catalina.core.StandardContextValve.invoke(StandardContextValve.java:77) ~[tomcat-embed-core-11.0.15.jar!/:na]
	at org.apache.catalina.authenticator.AuthenticatorBase.invoke(AuthenticatorBase.java:482) ~[tomcat-embed-core-11.0.15.jar!/:na]
	at org.apache.catalina.core.StandardHostValve.invoke(StandardHostValve.java:113) ~[tomcat-embed-core-11.0.15.jar!/:na]
	at org.apache.catalina.valves.ErrorReportValve.invoke(ErrorReportValve.java:83) ~[tomcat-embed-core-11.0.15.jar!/:na]
	at org.apache.catalina.core.StandardEngineValve.invoke(StandardEngineValve.java:72) ~[tomcat-embed-core-11.0.15.jar!/:na]
	at org.apache.catalina.connector.CoyoteAdapter.service(CoyoteAdapter.java:341) ~[tomcat-embed-core-11.0.15.jar!/:na]
	at org.apache.coyote.http11.Http11Processor.service(Http11Processor.java:397) ~[tomcat-embed-core-11.0.15.jar!/:na]
	at org.apache.coyote.AbstractProcessorLight.process(AbstractProcessorLight.java:63) ~[tomcat-embed-core-11.0.15.jar!/:na]
	at org.apache.coyote.AbstractProtocol$ConnectionHandler.process(AbstractProtocol.java:903) ~[tomcat-embed-core-11.0.15.jar!/:na]
	at org.apache.tomcat.util.net.NioEndpoint$SocketProcessor.doRun(NioEndpoint.java:1778) ~[tomcat-embed-core-11.0.15.jar!/:na]
	at org.apache.tomcat.util.net.SocketProcessorBase.run(SocketProcessorBase.java:52) ~[tomcat-embed-core-11.0.15.jar!/:na]
	at org.apache.tomcat.util.threads.ThreadPoolExecutor.runWorker(ThreadPoolExecutor.java:946) ~[tomcat-embed-core-11.0.15.jar!/:na]
	at org.apache.tomcat.util.threads.ThreadPoolExecutor$Worker.run(ThreadPoolExecutor.java:480) ~[tomcat-embed-core-11.0.15.jar!/:na]
	at org.apache.tomcat.util.threads.TaskThread$WrappingRunnable.run(TaskThread.java:57) ~[tomcat-embed-core-11.0.15.jar!/:na]
	at java.base/java.lang.Thread.run(Thread.java:1583) ~[na:na]

2026-05-20T22:10:14.240+05:30 ERROR 45004 --- [traveller-service] [nio-8080-exec-6] c.t.t.p.controller.PaymentController     : Error fetching payment methods

java.lang.NullPointerException: Cannot invoke "org.springframework.security.core.Authentication.getName()" because "authentication" is null
	at com.travolish.traveller.payment.controller.PaymentController.getPaymentMethods(PaymentController.java:84) ~[!/:0.0.1-SNAPSHOT]
	at java.base/jdk.internal.reflect.DirectMethodHandleAccessor.invoke(DirectMethodHandleAccessor.java:103) ~[na:na]
	at java.base/java.lang.reflect.Method.invoke(Method.java:580) ~[na:na]
	at org.springframework.web.method.support.InvocableHandlerMethod.doInvoke(InvocableHandlerMethod.java:258) ~[spring-web-7.0.2.jar!/:7.0.2]
	at org.springframework.web.method.support.InvocableHandlerMethod.invokeForRequest(InvocableHandlerMethod.java:190) ~[spring-web-7.0.2.jar!/:7.0.2]
	at org.springframework.web.servlet.mvc.method.annotation.ServletInvocableHandlerMethod.invokeAndHandle(ServletInvocableHandlerMethod.java:117) ~[spring-webmvc-7.0.2.jar!/:7.0.2]
	at org.springframework.web.servlet.mvc.method.annotation.RequestMappingHandlerAdapter.invokeHandlerMethod(RequestMappingHandlerAdapter.java:934) ~[spring-webmvc-7.0.2.jar!/:7.0.2]
	at org.springframework.web.servlet.mvc.method.annotation.RequestMappingHandlerAdapter.handleInternal(RequestMappingHandlerAdapter.java:853) ~[spring-webmvc-7.0.2.jar!/:7.0.2]
	at org.springframework.web.servlet.mvc.method.AbstractHandlerMethodAdapter.handle(AbstractHandlerMethodAdapter.java:86) ~[spring-webmvc-7.0.2.jar!/:7.0.2]
	at org.springframework.web.servlet.DispatcherServlet.doDispatch(DispatcherServlet.java:963) ~[spring-webmvc-7.0.2.jar!/:7.0.2]
	at org.springframework.web.servlet.DispatcherServlet.doService(DispatcherServlet.java:866) ~[spring-webmvc-7.0.2.jar!/:7.0.2]
	at org.springframework.web.servlet.FrameworkServlet.processRequest(FrameworkServlet.java:1003) ~[spring-webmvc-7.0.2.jar!/:7.0.2]
	at org.springframework.web.servlet.FrameworkServlet.doGet(FrameworkServlet.java:892) ~[spring-webmvc-7.0.2.jar!/:7.0.2]
	at jakarta.servlet.http.HttpServlet.service(HttpServlet.java:622) ~[tomcat-embed-core-11.0.15.jar!/:na]
	at org.springframework.web.servlet.FrameworkServlet.service(FrameworkServlet.java:874) ~[spring-webmvc-7.0.2.jar!/:7.0.2]
	at jakarta.servlet.http.HttpServlet.service(HttpServlet.java:710) ~[tomcat-embed-core-11.0.15.jar!/:na]
	at org.apache.catalina.core.ApplicationFilterChain.doFilter(ApplicationFilterChain.java:128) ~[tomcat-embed-core-11.0.15.jar!/:na]
	at org.apache.tomcat.websocket.server.WsFilter.doFilter(WsFilter.java:53) ~[tomcat-embed-websocket-11.0.15.jar!/:na]
	at org.apache.catalina.core.ApplicationFilterChain.doFilter(ApplicationFilterChain.java:107) ~[tomcat-embed-core-11.0.15.jar!/:na]
	at org.springframework.web.filter.CompositeFilter$VirtualFilterChain.doFilter(CompositeFilter.java:108) ~[spring-web-7.0.2.jar!/:7.0.2]
	at org.springframework.security.web.FilterChainProxy.lambda$doFilterInternal$3(FilterChainProxy.java:235) ~[spring-security-web-7.0.2.jar!/:7.0.2]
	at org.springframework.security.web.FilterChainProxy$VirtualFilterChain.doFilter(FilterChainProxy.java:371) ~[spring-security-web-7.0.2.jar!/:7.0.2]
	at org.springframework.security.web.access.intercept.AuthorizationFilter.doFilter(AuthorizationFilter.java:101) ~[spring-security-web-7.0.2.jar!/:7.0.2]
	at org.springframework.security.web.FilterChainProxy$VirtualFilterChain.doFilter(FilterChainProxy.java:380) ~[spring-security-web-7.0.2.jar!/:7.0.2]
	at org.springframework.security.web.access.ExceptionTranslationFilter.doFilter(ExceptionTranslationFilter.java:126) ~[spring-security-web-7.0.2.jar!/:7.0.2]
	at org.springframework.security.web.access.ExceptionTranslationFilter.doFilter(ExceptionTranslationFilter.java:120) ~[spring-security-web-7.0.2.jar!/:7.0.2]
	at org.springframework.security.web.FilterChainProxy$VirtualFilterChain.doFilter(FilterChainProxy.java:380) ~[spring-security-web-7.0.2.jar!/:7.0.2]
	at org.springframework.security.web.authentication.AnonymousAuthenticationFilter.doFilter(AnonymousAuthenticationFilter.java:100) ~[spring-security-web-7.0.2.jar!/:7.0.2]
	at org.springframework.security.web.FilterChainProxy$VirtualFilterChain.doFilter(FilterChainProxy.java:380) ~[spring-security-web-7.0.2.jar!/:7.0.2]
	at org.springframework.security.web.servletapi.SecurityContextHolderAwareRequestFilter.doFilter(SecurityContextHolderAwareRequestFilter.java:181) ~[spring-security-web-7.0.2.jar!/:7.0.2]
	at org.springframework.security.web.FilterChainProxy$VirtualFilterChain.doFilter(FilterChainProxy.java:380) ~[spring-security-web-7.0.2.jar!/:7.0.2]
	at org.springframework.security.web.savedrequest.RequestCacheAwareFilter.doFilter(RequestCacheAwareFilter.java:63) ~[spring-security-web-7.0.2.jar!/:7.0.2]
	at org.springframework.security.web.FilterChainProxy$VirtualFilterChain.doFilter(FilterChainProxy.java:380) ~[spring-security-web-7.0.2.jar!/:7.0.2]
	at org.springframework.security.web.authentication.ui.DefaultLogoutPageGeneratingFilter.doFilterInternal(DefaultLogoutPageGeneratingFilter.java:60) ~[spring-security-web-7.0.2.jar!/:7.0.2]
	at org.springframework.web.filter.OncePerRequestFilter.doFilter(OncePerRequestFilter.java:116) ~[spring-web-7.0.2.jar!/:7.0.2]
	at org.springframework.security.web.FilterChainProxy$VirtualFilterChain.doFilter(FilterChainProxy.java:380) ~[spring-security-web-7.0.2.jar!/:7.0.2]
	at org.springframework.security.web.authentication.ui.DefaultLoginPageGeneratingFilter.doFilter(DefaultLoginPageGeneratingFilter.java:246) ~[spring-security-web-7.0.2.jar!/:7.0.2]
	at org.springframework.security.web.authentication.ui.DefaultLoginPageGeneratingFilter.doFilter(DefaultLoginPageGeneratingFilter.java:232) ~[spring-security-web-7.0.2.jar!/:7.0.2]
	at org.springframework.security.web.FilterChainProxy$VirtualFilterChain.doFilter(FilterChainProxy.java:380) ~[spring-security-web-7.0.2.jar!/:7.0.2]
	at org.springframework.security.web.authentication.ui.DefaultResourcesFilter.doFilter(DefaultResourcesFilter.java:73) ~[spring-security-web-7.0.2.jar!/:7.0.2]
	at org.springframework.security.web.FilterChainProxy$VirtualFilterChain.doFilter(FilterChainProxy.java:380) ~[spring-security-web-7.0.2.jar!/:7.0.2]
	at org.springframework.security.web.authentication.AbstractAuthenticationProcessingFilter.doFilter(AbstractAuthenticationProcessingFilter.java:245) ~[spring-security-web-7.0.2.jar!/:7.0.2]
	at org.springframework.security.web.authentication.AbstractAuthenticationProcessingFilter.doFilter(AbstractAuthenticationProcessingFilter.java:239) ~[spring-security-web-7.0.2.jar!/:7.0.2]
	at org.springframework.security.web.FilterChainProxy$VirtualFilterChain.doFilter(FilterChainProxy.java:380) ~[spring-security-web-7.0.2.jar!/:7.0.2]
	at org.springframework.security.oauth2.client.web.OAuth2AuthorizationRequestRedirectFilter.doFilterInternal(OAuth2AuthorizationRequestRedirectFilter.java:195) ~[spring-security-oauth2-client-7.0.2.jar!/:7.0.2]
	at org.springframework.web.filter.OncePerRequestFilter.doFilter(OncePerRequestFilter.java:116) ~[spring-web-7.0.2.jar!/:7.0.2]
	at org.springframework.security.web.FilterChainProxy$VirtualFilterChain.doFilter(FilterChainProxy.java:380) ~[spring-security-web-7.0.2.jar!/:7.0.2]
	at org.springframework.security.web.authentication.logout.LogoutFilter.doFilter(LogoutFilter.java:110) ~[spring-security-web-7.0.2.jar!/:7.0.2]
	at org.springframework.security.web.authentication.logout.LogoutFilter.doFilter(LogoutFilter.java:96) ~[spring-security-web-7.0.2.jar!/:7.0.2]
	at org.springframework.security.web.FilterChainProxy$VirtualFilterChain.doFilter(FilterChainProxy.java:380) ~[spring-security-web-7.0.2.jar!/:7.0.2]
	at org.springframework.security.web.header.HeaderWriterFilter.doHeadersAfter(HeaderWriterFilter.java:90) ~[spring-security-web-7.0.2.jar!/:7.0.2]
	at org.springframework.security.web.header.HeaderWriterFilter.doFilterInternal(HeaderWriterFilter.java:75) ~[spring-security-web-7.0.2.jar!/:7.0.2]
	at org.springframework.web.filter.OncePerRequestFilter.doFilter(OncePerRequestFilter.java:116) ~[spring-web-7.0.2.jar!/:7.0.2]
	at org.springframework.security.web.FilterChainProxy$VirtualFilterChain.doFilter(FilterChainProxy.java:380) ~[spring-security-web-7.0.2.jar!/:7.0.2]
	at org.springframework.security.web.context.SecurityContextHolderFilter.doFilter(SecurityContextHolderFilter.java:82) ~[spring-security-web-7.0.2.jar!/:7.0.2]
	at org.springframework.security.web.context.SecurityContextHolderFilter.doFilter(SecurityContextHolderFilter.java:69) ~[spring-security-web-7.0.2.jar!/:7.0.2]
	at org.springframework.security.web.FilterChainProxy$VirtualFilterChain.doFilter(FilterChainProxy.java:380) ~[spring-security-web-7.0.2.jar!/:7.0.2]
	at org.springframework.security.web.context.request.async.WebAsyncManagerIntegrationFilter.doFilterInternal(WebAsyncManagerIntegrationFilter.java:62) ~[spring-security-web-7.0.2.jar!/:7.0.2]
	at org.springframework.web.filter.OncePerRequestFilter.doFilter(OncePerRequestFilter.java:116) ~[spring-web-7.0.2.jar!/:7.0.2]
	at org.springframework.security.web.FilterChainProxy$VirtualFilterChain.doFilter(FilterChainProxy.java:380) ~[spring-security-web-7.0.2.jar!/:7.0.2]
	at org.springframework.security.web.session.DisableEncodeUrlFilter.doFilterInternal(DisableEncodeUrlFilter.java:42) ~[spring-security-web-7.0.2.jar!/:7.0.2]
	at org.springframework.web.filter.OncePerRequestFilter.doFilter(OncePerRequestFilter.java:116) ~[spring-web-7.0.2.jar!/:7.0.2]
	at org.springframework.security.web.FilterChainProxy$VirtualFilterChain.doFilter(FilterChainProxy.java:380) ~[spring-security-web-7.0.2.jar!/:7.0.2]
	at org.springframework.security.web.FilterChainProxy.doFilterInternal(FilterChainProxy.java:237) ~[spring-security-web-7.0.2.jar!/:7.0.2]
	at org.springframework.security.web.FilterChainProxy.doFilter(FilterChainProxy.java:195) ~[spring-security-web-7.0.2.jar!/:7.0.2]
	at org.springframework.web.filter.CompositeFilter$VirtualFilterChain.doFilter(CompositeFilter.java:113) ~[spring-web-7.0.2.jar!/:7.0.2]
	at org.springframework.web.filter.ServletRequestPathFilter.doFilter(ServletRequestPathFilter.java:52) ~[spring-web-7.0.2.jar!/:7.0.2]
	at org.springframework.web.filter.CompositeFilter$VirtualFilterChain.doFilter(CompositeFilter.java:113) ~[spring-web-7.0.2.jar!/:7.0.2]
	at org.springframework.web.filter.CompositeFilter.doFilter(CompositeFilter.java:74) ~[spring-web-7.0.2.jar!/:7.0.2]
	at org.springframework.security.config.annotation.web.configuration.WebSecurityConfiguration$CompositeFilterChainProxy.doFilter(WebSecurityConfiguration.java:317) ~[spring-security-config-7.0.2.jar!/:7.0.2]
	at org.springframework.web.filter.DelegatingFilterProxy.invokeDelegate(DelegatingFilterProxy.java:355) ~[spring-web-7.0.2.jar!/:7.0.2]
	at org.springframework.web.filter.DelegatingFilterProxy.doFilter(DelegatingFilterProxy.java:272) ~[spring-web-7.0.2.jar!/:7.0.2]
	at org.apache.catalina.core.ApplicationFilterChain.doFilter(ApplicationFilterChain.java:107) ~[tomcat-embed-core-11.0.15.jar!/:na]
	at org.springframework.web.filter.RequestContextFilter.doFilterInternal(RequestContextFilter.java:100) ~[spring-web-7.0.2.jar!/:7.0.2]
	at org.springframework.web.filter.OncePerRequestFilter.doFilter(OncePerRequestFilter.java:116) ~[spring-web-7.0.2.jar!/:7.0.2]
	at org.apache.catalina.core.ApplicationFilterChain.doFilter(ApplicationFilterChain.java:107) ~[tomcat-embed-core-11.0.15.jar!/:na]
	at org.springframework.web.filter.FormContentFilter.doFilterInternal(FormContentFilter.java:93) ~[spring-web-7.0.2.jar!/:7.0.2]
	at org.springframework.web.filter.OncePerRequestFilter.doFilter(OncePerRequestFilter.java:116) ~[spring-web-7.0.2.jar!/:7.0.2]
	at org.apache.catalina.core.ApplicationFilterChain.doFilter(ApplicationFilterChain.java:107) ~[tomcat-embed-core-11.0.15.jar!/:na]
	at org.springframework.web.filter.CharacterEncodingFilter.doFilterInternal(CharacterEncodingFilter.java:199) ~[spring-web-7.0.2.jar!/:7.0.2]
	at org.springframework.web.filter.OncePerRequestFilter.doFilter(OncePerRequestFilter.java:116) ~[spring-web-7.0.2.jar!/:7.0.2]
	at org.apache.catalina.core.ApplicationFilterChain.doFilter(ApplicationFilterChain.java:107) ~[tomcat-embed-core-11.0.15.jar!/:na]
	at org.apache.catalina.core.StandardWrapperValve.invoke(StandardWrapperValve.java:165) ~[tomcat-embed-core-11.0.15.jar!/:na]
	at org.apache.catalina.core.StandardContextValve.invoke(StandardContextValve.java:77) ~[tomcat-embed-core-11.0.15.jar!/:na]
	at org.apache.catalina.authenticator.AuthenticatorBase.invoke(AuthenticatorBase.java:482) ~[tomcat-embed-core-11.0.15.jar!/:na]
	at org.apache.catalina.core.StandardHostValve.invoke(StandardHostValve.java:113) ~[tomcat-embed-core-11.0.15.jar!/:na]
	at org.apache.catalina.valves.ErrorReportValve.invoke(ErrorReportValve.java:83) ~[tomcat-embed-core-11.0.15.jar!/:na]
	at org.apache.catalina.core.StandardEngineValve.invoke(StandardEngineValve.java:72) ~[tomcat-embed-core-11.0.15.jar!/:na]
	at org.apache.catalina.connector.CoyoteAdapter.service(CoyoteAdapter.java:341) ~[tomcat-embed-core-11.0.15.jar!/:na]
	at org.apache.coyote.http11.Http11Processor.service(Http11Processor.java:397) ~[tomcat-embed-core-11.0.15.jar!/:na]
	at org.apache.coyote.AbstractProcessorLight.process(AbstractProcessorLight.java:63) ~[tomcat-embed-core-11.0.15.jar!/:na]
	at org.apache.coyote.AbstractProtocol$ConnectionHandler.process(AbstractProtocol.java:903) ~[tomcat-embed-core-11.0.15.jar!/:na]
	at org.apache.tomcat.util.net.NioEndpoint$SocketProcessor.doRun(NioEndpoint.java:1778) ~[tomcat-embed-core-11.0.15.jar!/:na]
	at org.apache.tomcat.util.net.SocketProcessorBase.run(SocketProcessorBase.java:52) ~[tomcat-embed-core-11.0.15.jar!/:na]
	at org.apache.tomcat.util.threads.ThreadPoolExecutor.runWorker(ThreadPoolExecutor.java:946) ~[tomcat-embed-core-11.0.15.jar!/:na]
	at org.apache.tomcat.util.threads.ThreadPoolExecutor$Worker.run(ThreadPoolExecutor.java:480) ~[tomcat-embed-core-11.0.15.jar!/:na]
	at org.apache.tomcat.util.threads.TaskThread$WrappingRunnable.run(TaskThread.java:57) ~[tomcat-embed-core-11.0.15.jar!/:na]
	at java.base/java.lang.Thread.run(Thread.java:1583) ~[na:na]

2026-05-20T22:10:17.509+05:30 DEBUG 45004 --- [traveller-service] [io-8080-exec-10] org.hibernate.SQL                        : 
    select
        b1_0.id,
        b1_0.base_price,
        b1_0.check_in_date,
        b1_0.check_out_date,
        b1_0.created_at,
        b1_0.dynamic_pricing_adjustment,
        b1_0.guest_email,
        b1_0.guest_name,
        b1_0.guest_phone,
        b1_0.hotel_id,
        b1_0.notes,
        b1_0.promotional_discount,
        b1_0.room_id,
        b1_0.seasonal_adjustment,
        b1_0.status,
        b1_0.total_price,
        b1_0.updated_at 
    from
        bookings b1_0 
    where
        upper(b1_0.guest_email)=upper(?)
2026-05-20T22:10:17.999+05:30 DEBUG 45004 --- [traveller-service] [nio-8080-exec-7] org.hibernate.SQL                        : 
    select
        b1_0.id,
        b1_0.base_price,
        b1_0.check_in_date,
        b1_0.check_out_date,
        b1_0.created_at,
        b1_0.dynamic_pricing_adjustment,
        b1_0.guest_email,
        b1_0.guest_name,
        b1_0.guest_phone,
        b1_0.hotel_id,
        b1_0.notes,
        b1_0.promotional_discount,
        b1_0.room_id,
        b1_0.seasonal_adjustment,
        b1_0.status,
        b1_0.total_price,
        b1_0.updated_at 
    from
        bookings b1_0 
    where
        upper(b1_0.guest_email)=upper(?)
2026-05-20T22:10:21.130+05:30 DEBUG 45004 --- [traveller-service] [nio-8080-exec-8] org.hibernate.SQL                        : 
    select
        b1_0.id,
        b1_0.base_price,
        b1_0.check_in_date,
        b1_0.check_out_date,
        b1_0.created_at,
        b1_0.dynamic_pricing_adjustment,
        b1_0.guest_email,
        b1_0.guest_name,
        b1_0.guest_phone,
        b1_0.hotel_id,
        b1_0.notes,
        b1_0.promotional_discount,
        b1_0.room_id,
        b1_0.seasonal_adjustment,
        b1_0.status,
        b1_0.total_price,
        b1_0.updated_at 
    from
        bookings b1_0 
    where
        upper(b1_0.guest_email)=upper(?)
2026-05-20T22:10:21.380+05:30 DEBUG 45004 --- [traveller-service] [nio-8080-exec-9] org.hibernate.SQL                        : 
    select
        b1_0.id,
        b1_0.base_price,
        b1_0.check_in_date,
        b1_0.check_out_date,
        b1_0.created_at,
        b1_0.dynamic_pricing_adjustment,
        b1_0.guest_email,
        b1_0.guest_name,
        b1_0.guest_phone,
        b1_0.hotel_id,
        b1_0.notes,
        b1_0.promotional_discount,
        b1_0.room_id,
        b1_0.seasonal_adjustment,
        b1_0.status,
        b1_0.total_price,
        b1_0.updated_at 
    from
        bookings b1_0 
    where
        upper(b1_0.guest_email)=upper(?)
2026-05-20T22:10:26.375+05:30 DEBUG 45004 --- [traveller-service] [nio-8080-exec-1] org.hibernate.SQL                        : 
    select
        c1_0.id,
        c1_0.created_at,
        c1_0.is_active,
        c1_0.last_message_id,
        c1_0.last_message_time,
        c1_0.updated_at,
        c1_0.user1_unread_count,
        c1_0.user2_unread_count,
        c1_0.user_id_1,
        c1_0.user_id_2 
    from
        conversations c1_0 
    where
        (
            c1_0.user_id_1=? 
            and c1_0.is_active=true
        ) 
        or (
            c1_0.user_id_2=? 
            and c1_0.is_active=true
        ) 
    order by
        c1_0.last_message_time desc
2026-05-20T22:10:27.037+05:30 DEBUG 45004 --- [traveller-service] [nio-8080-exec-3] org.hibernate.SQL                        : 
    select
        c1_0.id,
        c1_0.created_at,
        c1_0.is_active,
        c1_0.last_message_id,
        c1_0.last_message_time,
        c1_0.updated_at,
        c1_0.user1_unread_count,
        c1_0.user2_unread_count,
        c1_0.user_id_1,
        c1_0.user_id_2 
    from
        conversations c1_0 
    where
        (
            c1_0.user_id_1=? 
            and c1_0.is_active=true
        ) 
        or (
            c1_0.user_id_2=? 
            and c1_0.is_active=true
        ) 
    order by
        c1_0.last_message_time desc
2026-05-20T22:10:33.025+05:30 DEBUG 45004 --- [traveller-service] [nio-8080-exec-5] org.hibernate.SQL                        : 
    select
        h1_0.id,
        h1_0.address,
        h1_0.city,
        h1_0.country,
        h1_0.created_at,
        h1_0.description,
        h1_0.email,
        h1_0.host_id,
        h1_0.name,
        h1_0.phone,
        h1_0.rating 
    from
        hotels h1_0 
    where
        h1_0.id=?
2026-05-20T22:10:33.029+05:30 DEBUG 45004 --- [traveller-service] [nio-8080-exec-6] org.hibernate.SQL                        : 
    select
        r1_0.id,
        r1_0.available,
        r1_0.created_at,
        r1_0.hotel_id,
        r1_0.number,
        r1_0.price_per_night,
        r1_0.type 
    from
        rooms r1_0
2026-05-20T22:10:33.021+05:30 DEBUG 45004 --- [traveller-service] [nio-8080-exec-4] org.hibernate.SQL                        : 
    select
        h1_0.id,
        h1_0.address,
        h1_0.city,
        h1_0.country,
        h1_0.created_at,
        h1_0.description,
        h1_0.email,
        h1_0.host_id,
        h1_0.name,
        h1_0.phone,
        h1_0.rating 
    from
        hotels h1_0 
    where
        h1_0.id=?
2026-05-20T22:10:33.361+05:30 DEBUG 45004 --- [traveller-service] [nio-8080-exec-2] org.hibernate.SQL                        : 
    select
        h1_0.id,
        h1_0.address,
        h1_0.city,
        h1_0.country,
        h1_0.created_at,
        h1_0.description,
        h1_0.email,
        h1_0.host_id,
        h1_0.name,
        h1_0.phone,
        h1_0.rating 
    from
        hotels h1_0 
    where
        h1_0.id=?
2026-05-20T22:10:33.403+05:30 DEBUG 45004 --- [traveller-service] [nio-8080-exec-6] org.hibernate.SQL                        : 
    select
        r1_0.room_id,
        r1_0.id,
        r1_0.content,
        r1_0.created_at,
        r1_0.helpful_count,
        r1_0.hotel_id,
        r1_0.moderator_id,
        r1_0.moderator_notes,
        r1_0.rating,
        r1_0.review_type,
        r1_0.reviewed_at,
        r1_0.status,
        r1_0.title,
        r1_0.unhelpful_count,
        r1_0.updated_at,
        r1_0.user_id 
    from
        reviews r1_0 
    where
        r1_0.room_id=?
2026-05-20T22:10:33.403+05:30 DEBUG 45004 --- [traveller-service] [nio-8080-exec-4] org.hibernate.SQL                        : 
    select
        r1_0.hotel_id,
        r1_0.id,
        r1_0.content,
        r1_0.created_at,
        r1_0.helpful_count,
        r1_0.moderator_id,
        r1_0.moderator_notes,
        r1_0.rating,
        r1_0.review_type,
        r1_0.reviewed_at,
        r1_0.room_id,
        r1_0.status,
        r1_0.title,
        r1_0.unhelpful_count,
        r1_0.updated_at,
        r1_0.user_id 
    from
        reviews r1_0 
    where
        r1_0.hotel_id=?
2026-05-20T22:10:33.403+05:30 DEBUG 45004 --- [traveller-service] [nio-8080-exec-5] org.hibernate.SQL                        : 
    select
        r1_0.hotel_id,
        r1_0.id,
        r1_0.content,
        r1_0.created_at,
        r1_0.helpful_count,
        r1_0.moderator_id,
        r1_0.moderator_notes,
        r1_0.rating,
        r1_0.review_type,
        r1_0.reviewed_at,
        r1_0.room_id,
        r1_0.status,
        r1_0.title,
        r1_0.unhelpful_count,
        r1_0.updated_at,
        r1_0.user_id 
    from
        reviews r1_0 
    where
        r1_0.hotel_id=?
2026-05-20T22:10:33.483+05:30 DEBUG 45004 --- [traveller-service] [io-8080-exec-10] org.hibernate.SQL                        : 
    select
        h1_0.id,
        h1_0.address,
        h1_0.city,
        h1_0.country,
        h1_0.created_at,
        h1_0.description,
        h1_0.email,
        h1_0.host_id,
        h1_0.name,
        h1_0.phone,
        h1_0.rating 
    from
        hotels h1_0 
    where
        h1_0.id=?
2026-05-20T22:10:33.500+05:30 DEBUG 45004 --- [traveller-service] [nio-8080-exec-6] org.hibernate.SQL                        : 
    select
        r1_0.room_id,
        r1_0.id,
        r1_0.content,
        r1_0.created_at,
        r1_0.helpful_count,
        r1_0.hotel_id,
        r1_0.moderator_id,
        r1_0.moderator_notes,
        r1_0.rating,
        r1_0.review_type,
        r1_0.reviewed_at,
        r1_0.status,
        r1_0.title,
        r1_0.unhelpful_count,
        r1_0.updated_at,
        r1_0.user_id 
    from
        reviews r1_0 
    where
        r1_0.room_id=?
2026-05-20T22:10:33.502+05:30 DEBUG 45004 --- [traveller-service] [nio-8080-exec-7] org.hibernate.SQL                        : 
    select
        h1_0.id,
        h1_0.address,
        h1_0.city,
        h1_0.country,
        h1_0.created_at,
        h1_0.description,
        h1_0.email,
        h1_0.host_id,
        h1_0.name,
        h1_0.phone,
        h1_0.rating 
    from
        hotels h1_0 
    where
        h1_0.id=?
2026-05-20T22:10:33.583+05:30 DEBUG 45004 --- [traveller-service] [nio-8080-exec-2] org.hibernate.SQL                        : 
    select
        r1_0.hotel_id,
        r1_0.id,
        r1_0.content,
        r1_0.created_at,
        r1_0.helpful_count,
        r1_0.moderator_id,
        r1_0.moderator_notes,
        r1_0.rating,
        r1_0.review_type,
        r1_0.reviewed_at,
        r1_0.room_id,
        r1_0.status,
        r1_0.title,
        r1_0.unhelpful_count,
        r1_0.updated_at,
        r1_0.user_id 
    from
        reviews r1_0 
    where
        r1_0.hotel_id=?
2026-05-20T22:10:33.593+05:30 DEBUG 45004 --- [traveller-service] [nio-8080-exec-6] org.hibernate.SQL                        : 
    select
        r1_0.room_id,
        r1_0.id,
        r1_0.content,
        r1_0.created_at,
        r1_0.helpful_count,
        r1_0.hotel_id,
        r1_0.moderator_id,
        r1_0.moderator_notes,
        r1_0.rating,
        r1_0.review_type,
        r1_0.reviewed_at,
        r1_0.status,
        r1_0.title,
        r1_0.unhelpful_count,
        r1_0.updated_at,
        r1_0.user_id 
    from
        reviews r1_0 
    where
        r1_0.room_id=?
2026-05-20T22:10:33.664+05:30 DEBUG 45004 --- [traveller-service] [io-8080-exec-10] org.hibernate.SQL                        : 
    select
        r1_0.hotel_id,
        r1_0.id,
        r1_0.content,
        r1_0.created_at,
        r1_0.helpful_count,
        r1_0.moderator_id,
        r1_0.moderator_notes,
        r1_0.rating,
        r1_0.review_type,
        r1_0.reviewed_at,
        r1_0.room_id,
        r1_0.status,
        r1_0.title,
        r1_0.unhelpful_count,
        r1_0.updated_at,
        r1_0.user_id 
    from
        reviews r1_0 
    where
        r1_0.hotel_id=?
2026-05-20T22:10:33.682+05:30 DEBUG 45004 --- [traveller-service] [nio-8080-exec-7] org.hibernate.SQL                        : 
    select
        r1_0.hotel_id,
        r1_0.id,
        r1_0.content,
        r1_0.created_at,
        r1_0.helpful_count,
        r1_0.moderator_id,
        r1_0.moderator_notes,
        r1_0.rating,
        r1_0.review_type,
        r1_0.reviewed_at,
        r1_0.room_id,
        r1_0.status,
        r1_0.title,
        r1_0.unhelpful_count,
        r1_0.updated_at,
        r1_0.user_id 
    from
        reviews r1_0 
    where
        r1_0.hotel_id=?
2026-05-20T22:10:33.691+05:30 DEBUG 45004 --- [traveller-service] [nio-8080-exec-6] org.hibernate.SQL                        : 
    select
        r1_0.room_id,
        r1_0.id,
        r1_0.content,
        r1_0.created_at,
        r1_0.helpful_count,
        r1_0.hotel_id,
        r1_0.moderator_id,
        r1_0.moderator_notes,
        r1_0.rating,
        r1_0.review_type,
        r1_0.reviewed_at,
        r1_0.status,
        r1_0.title,
        r1_0.unhelpful_count,
        r1_0.updated_at,
        r1_0.user_id 
    from
        reviews r1_0 
    where
        r1_0.room_id=?
2026-05-20T22:10:33.782+05:30 DEBUG 45004 --- [traveller-service] [nio-8080-exec-6] org.hibernate.SQL                        : 
    select
        r1_0.room_id,
        r1_0.id,
        r1_0.content,
        r1_0.created_at,
        r1_0.helpful_count,
        r1_0.hotel_id,
        r1_0.moderator_id,
        r1_0.moderator_notes,
        r1_0.rating,
        r1_0.review_type,
        r1_0.reviewed_at,
        r1_0.status,
        r1_0.title,
        r1_0.unhelpful_count,
        r1_0.updated_at,
        r1_0.user_id 
    from
        reviews r1_0 
    where
        r1_0.room_id=?
2026-05-20T22:10:33.828+05:30 DEBUG 45004 --- [traveller-service] [nio-8080-exec-8] org.hibernate.SQL                        : 
    select
        h1_0.id,
        h1_0.address,
        h1_0.city,
        h1_0.country,
        h1_0.created_at,
        h1_0.description,
        h1_0.email,
        h1_0.host_id,
        h1_0.name,
        h1_0.phone,
        h1_0.rating 
    from
        hotels h1_0 
    where
        h1_0.id=?
2026-05-20T22:10:33.873+05:30 DEBUG 45004 --- [traveller-service] [nio-8080-exec-6] org.hibernate.SQL                        : 
    select
        r1_0.room_id,
        r1_0.id,
        r1_0.content,
        r1_0.created_at,
        r1_0.helpful_count,
        r1_0.hotel_id,
        r1_0.moderator_id,
        r1_0.moderator_notes,
        r1_0.rating,
        r1_0.review_type,
        r1_0.reviewed_at,
        r1_0.status,
        r1_0.title,
        r1_0.unhelpful_count,
        r1_0.updated_at,
        r1_0.user_id 
    from
        reviews r1_0 
    where
        r1_0.room_id=?
2026-05-20T22:10:33.961+05:30 DEBUG 45004 --- [traveller-service] [nio-8080-exec-6] org.hibernate.SQL                        : 
    select
        r1_0.room_id,
        r1_0.id,
        r1_0.content,
        r1_0.created_at,
        r1_0.helpful_count,
        r1_0.hotel_id,
        r1_0.moderator_id,
        r1_0.moderator_notes,
        r1_0.rating,
        r1_0.review_type,
        r1_0.reviewed_at,
        r1_0.status,
        r1_0.title,
        r1_0.unhelpful_count,
        r1_0.updated_at,
        r1_0.user_id 
    from
        reviews r1_0 
    where
        r1_0.room_id=?
2026-05-20T22:10:33.986+05:30 DEBUG 45004 --- [traveller-service] [nio-8080-exec-8] org.hibernate.SQL                        : 
    select
        r1_0.hotel_id,
        r1_0.id,
        r1_0.content,
        r1_0.created_at,
        r1_0.helpful_count,
        r1_0.moderator_id,
        r1_0.moderator_notes,
        r1_0.rating,
        r1_0.review_type,
        r1_0.reviewed_at,
        r1_0.room_id,
        r1_0.status,
        r1_0.title,
        r1_0.unhelpful_count,
        r1_0.updated_at,
        r1_0.user_id 
    from
        reviews r1_0 
    where
        r1_0.hotel_id=?
2026-05-20T22:10:34.002+05:30 DEBUG 45004 --- [traveller-service] [nio-8080-exec-9] org.hibernate.SQL                        : 
    select
        h1_0.id,
        h1_0.address,
        h1_0.city,
        h1_0.country,
        h1_0.created_at,
        h1_0.description,
        h1_0.email,
        h1_0.host_id,
        h1_0.name,
        h1_0.phone,
        h1_0.rating 
    from
        hotels h1_0 
    where
        h1_0.id=?
2026-05-20T22:10:34.061+05:30 DEBUG 45004 --- [traveller-service] [nio-8080-exec-1] org.hibernate.SQL                        : 
    select
        h1_0.id,
        h1_0.address,
        h1_0.city,
        h1_0.country,
        h1_0.created_at,
        h1_0.description,
        h1_0.email,
        h1_0.host_id,
        h1_0.name,
        h1_0.phone,
        h1_0.rating 
    from
        hotels h1_0 
    where
        h1_0.id=?
2026-05-20T22:10:34.061+05:30 DEBUG 45004 --- [traveller-service] [nio-8080-exec-6] org.hibernate.SQL                        : 
    select
        r1_0.room_id,
        r1_0.id,
        r1_0.content,
        r1_0.created_at,
        r1_0.helpful_count,
        r1_0.hotel_id,
        r1_0.moderator_id,
        r1_0.moderator_notes,
        r1_0.rating,
        r1_0.review_type,
        r1_0.reviewed_at,
        r1_0.status,
        r1_0.title,
        r1_0.unhelpful_count,
        r1_0.updated_at,
        r1_0.user_id 
    from
        reviews r1_0 
    where
        r1_0.room_id=?
2026-05-20T22:10:34.172+05:30 DEBUG 45004 --- [traveller-service] [nio-8080-exec-6] org.hibernate.SQL                        : 
    select
        r1_0.room_id,
        r1_0.id,
        r1_0.content,
        r1_0.created_at,
        r1_0.helpful_count,
        r1_0.hotel_id,
        r1_0.moderator_id,
        r1_0.moderator_notes,
        r1_0.rating,
        r1_0.review_type,
        r1_0.reviewed_at,
        r1_0.status,
        r1_0.title,
        r1_0.unhelpful_count,
        r1_0.updated_at,
        r1_0.user_id 
    from
        reviews r1_0 
    where
        r1_0.room_id=?
2026-05-20T22:10:34.210+05:30 DEBUG 45004 --- [traveller-service] [nio-8080-exec-9] org.hibernate.SQL                        : 
    select
        r1_0.hotel_id,
        r1_0.id,
        r1_0.content,
        r1_0.created_at,
        r1_0.helpful_count,
        r1_0.moderator_id,
        r1_0.moderator_notes,
        r1_0.rating,
        r1_0.review_type,
        r1_0.reviewed_at,
        r1_0.room_id,
        r1_0.status,
        r1_0.title,
        r1_0.unhelpful_count,
        r1_0.updated_at,
        r1_0.user_id 
    from
        reviews r1_0 
    where
        r1_0.hotel_id=?
2026-05-20T22:10:34.259+05:30 DEBUG 45004 --- [traveller-service] [nio-8080-exec-1] org.hibernate.SQL                        : 
    select
        r1_0.hotel_id,
        r1_0.id,
        r1_0.content,
        r1_0.created_at,
        r1_0.helpful_count,
        r1_0.moderator_id,
        r1_0.moderator_notes,
        r1_0.rating,
        r1_0.review_type,
        r1_0.reviewed_at,
        r1_0.room_id,
        r1_0.status,
        r1_0.title,
        r1_0.unhelpful_count,
        r1_0.updated_at,
        r1_0.user_id 
    from
        reviews r1_0 
    where
        r1_0.hotel_id=?
2026-05-20T22:10:34.261+05:30 DEBUG 45004 --- [traveller-service] [nio-8080-exec-6] org.hibernate.SQL                        : 
    select
        r1_0.room_id,
        r1_0.id,
        r1_0.content,
        r1_0.created_at,
        r1_0.helpful_count,
        r1_0.hotel_id,
        r1_0.moderator_id,
        r1_0.moderator_notes,
        r1_0.rating,
        r1_0.review_type,
        r1_0.reviewed_at,
        r1_0.status,
        r1_0.title,
        r1_0.unhelpful_count,
        r1_0.updated_at,
        r1_0.user_id 
    from
        reviews r1_0 
    where
        r1_0.room_id=?
2026-05-20T22:10:34.352+05:30 DEBUG 45004 --- [traveller-service] [nio-8080-exec-6] org.hibernate.SQL                        : 
    select
        r1_0.room_id,
        r1_0.id,
        r1_0.content,
        r1_0.created_at,
        r1_0.helpful_count,
        r1_0.hotel_id,
        r1_0.moderator_id,
        r1_0.moderator_notes,
        r1_0.rating,
        r1_0.review_type,
        r1_0.reviewed_at,
        r1_0.status,
        r1_0.title,
        r1_0.unhelpful_count,
        r1_0.updated_at,
        r1_0.user_id 
    from
        reviews r1_0 
    where
        r1_0.room_id=?
2026-05-20T22:10:34.445+05:30 DEBUG 45004 --- [traveller-service] [nio-8080-exec-6] org.hibernate.SQL                        : 
    select
        r1_0.room_id,
        r1_0.id,
        r1_0.content,
        r1_0.created_at,
        r1_0.helpful_count,
        r1_0.hotel_id,
        r1_0.moderator_id,
        r1_0.moderator_notes,
        r1_0.rating,
        r1_0.review_type,
        r1_0.reviewed_at,
        r1_0.status,
        r1_0.title,
        r1_0.unhelpful_count,
        r1_0.updated_at,
        r1_0.user_id 
    from
        reviews r1_0 
    where
        r1_0.room_id=?
2026-05-20T22:10:35.077+05:30 DEBUG 45004 --- [traveller-service] [nio-8080-exec-6] org.hibernate.SQL                        : 
    select
        r1_0.room_id,
        r1_0.id,
        r1_0.content,
        r1_0.created_at,
        r1_0.helpful_count,
        r1_0.hotel_id,
        r1_0.moderator_id,
        r1_0.moderator_notes,
        r1_0.rating,
        r1_0.review_type,
        r1_0.reviewed_at,
        r1_0.status,
        r1_0.title,
        r1_0.unhelpful_count,
        r1_0.updated_at,
        r1_0.user_id 
    from
        reviews r1_0 
    where
        r1_0.room_id=?
2026-05-20T22:10:35.177+05:30 DEBUG 45004 --- [traveller-service] [nio-8080-exec-6] org.hibernate.SQL                        : 
    select
        r1_0.room_id,
        r1_0.id,
        r1_0.content,
        r1_0.created_at,
        r1_0.helpful_count,
        r1_0.hotel_id,
        r1_0.moderator_id,
        r1_0.moderator_notes,
        r1_0.rating,
        r1_0.review_type,
        r1_0.reviewed_at,
        r1_0.status,
        r1_0.title,
        r1_0.unhelpful_count,
        r1_0.updated_at,
        r1_0.user_id 
    from
        reviews r1_0 
    where
        r1_0.room_id=?
2026-05-20T22:10:35.277+05:30 DEBUG 45004 --- [traveller-service] [nio-8080-exec-6] org.hibernate.SQL                        : 
    select
        r1_0.room_id,
        r1_0.id,
        r1_0.content,
        r1_0.created_at,
        r1_0.helpful_count,
        r1_0.hotel_id,
        r1_0.moderator_id,
        r1_0.moderator_notes,
        r1_0.rating,
        r1_0.review_type,
        r1_0.reviewed_at,
        r1_0.status,
        r1_0.title,
        r1_0.unhelpful_count,
        r1_0.updated_at,
        r1_0.user_id 
    from
        reviews r1_0 
    where
        r1_0.room_id=?
2026-05-20T22:10:35.371+05:30 DEBUG 45004 --- [traveller-service] [nio-8080-exec-6] org.hibernate.SQL                        : 
    select
        r1_0.room_id,
        r1_0.id,
        r1_0.content,
        r1_0.created_at,
        r1_0.helpful_count,
        r1_0.hotel_id,
        r1_0.moderator_id,
        r1_0.moderator_notes,
        r1_0.rating,
        r1_0.review_type,
        r1_0.reviewed_at,
        r1_0.status,
        r1_0.title,
        r1_0.unhelpful_count,
        r1_0.updated_at,
        r1_0.user_id 
    from
        reviews r1_0 
    where
        r1_0.room_id=?
2026-05-20T22:10:35.460+05:30 DEBUG 45004 --- [traveller-service] [nio-8080-exec-6] org.hibernate.SQL                        : 
    select
        r1_0.room_id,
        r1_0.id,
        r1_0.content,
        r1_0.created_at,
        r1_0.helpful_count,
        r1_0.hotel_id,
        r1_0.moderator_id,
        r1_0.moderator_notes,
        r1_0.rating,
        r1_0.review_type,
        r1_0.reviewed_at,
        r1_0.status,
        r1_0.title,
        r1_0.unhelpful_count,
        r1_0.updated_at,
        r1_0.user_id 
    from
        reviews r1_0 
    where
        r1_0.room_id=?
2026-05-20T22:10:35.870+05:30 DEBUG 45004 --- [traveller-service] [nio-8080-exec-6] org.hibernate.SQL                        : 
    select
        r1_0.room_id,
        r1_0.id,
        r1_0.content,
        r1_0.created_at,
        r1_0.helpful_count,
        r1_0.hotel_id,
        r1_0.moderator_id,
        r1_0.moderator_notes,
        r1_0.rating,
        r1_0.review_type,
        r1_0.reviewed_at,
        r1_0.status,
        r1_0.title,
        r1_0.unhelpful_count,
        r1_0.updated_at,
        r1_0.user_id 
    from
        reviews r1_0 
    where
        r1_0.room_id=?
2026-05-20T22:10:35.960+05:30 DEBUG 45004 --- [traveller-service] [nio-8080-exec-6] org.hibernate.SQL                        : 
    select
        r1_0.room_id,
        r1_0.id,
        r1_0.content,
        r1_0.created_at,
        r1_0.helpful_count,
        r1_0.hotel_id,
        r1_0.moderator_id,
        r1_0.moderator_notes,
        r1_0.rating,
        r1_0.review_type,
        r1_0.reviewed_at,
        r1_0.status,
        r1_0.title,
        r1_0.unhelpful_count,
        r1_0.updated_at,
        r1_0.user_id 
    from
        reviews r1_0 
    where
        r1_0.room_id=?
2026-05-20T22:10:36.359+05:30 DEBUG 45004 --- [traveller-service] [nio-8080-exec-6] org.hibernate.SQL                        : 
    select
        r1_0.room_id,
        r1_0.id,
        r1_0.content,
        r1_0.created_at,
        r1_0.helpful_count,
        r1_0.hotel_id,
        r1_0.moderator_id,
        r1_0.moderator_notes,
        r1_0.rating,
        r1_0.review_type,
        r1_0.reviewed_at,
        r1_0.status,
        r1_0.title,
        r1_0.unhelpful_count,
        r1_0.updated_at,
        r1_0.user_id 
    from
        reviews r1_0 
    where
        r1_0.room_id=?
2026-05-20T22:10:36.459+05:30 DEBUG 45004 --- [traveller-service] [nio-8080-exec-6] org.hibernate.SQL                        : 
    select
        r1_0.room_id,
        r1_0.id,
        r1_0.content,
        r1_0.created_at,
        r1_0.helpful_count,
        r1_0.hotel_id,
        r1_0.moderator_id,
        r1_0.moderator_notes,
        r1_0.rating,
        r1_0.review_type,
        r1_0.reviewed_at,
        r1_0.status,
        r1_0.title,
        r1_0.unhelpful_count,
        r1_0.updated_at,
        r1_0.user_id 
    from
        reviews r1_0 
    where
        r1_0.room_id=?
2026-05-20T22:10:36.632+05:30 DEBUG 45004 --- [traveller-service] [nio-8080-exec-6] org.hibernate.SQL                        : 
    select
        r1_0.room_id,
        r1_0.id,
        r1_0.content,
        r1_0.created_at,
        r1_0.helpful_count,
        r1_0.hotel_id,
        r1_0.moderator_id,
        r1_0.moderator_notes,
        r1_0.rating,
        r1_0.review_type,
        r1_0.reviewed_at,
        r1_0.status,
        r1_0.title,
        r1_0.unhelpful_count,
        r1_0.updated_at,
        r1_0.user_id 
    from
        reviews r1_0 
    where
        r1_0.room_id=?
2026-05-20T22:10:37.053+05:30 DEBUG 45004 --- [traveller-service] [nio-8080-exec-3] org.hibernate.SQL                        : 
    select
        r1_0.id,
        r1_0.available,
        r1_0.created_at,
        r1_0.hotel_id,
        r1_0.number,
        r1_0.price_per_night,
        r1_0.type 
    from
        rooms r1_0
2026-05-20T22:10:37.252+05:30 DEBUG 45004 --- [traveller-service] [nio-8080-exec-3] org.hibernate.SQL                        : 
    select
        r1_0.room_id,
        r1_0.id,
        r1_0.content,
        r1_0.created_at,
        r1_0.helpful_count,
        r1_0.hotel_id,
        r1_0.moderator_id,
        r1_0.moderator_notes,
        r1_0.rating,
        r1_0.review_type,
        r1_0.reviewed_at,
        r1_0.status,
        r1_0.title,
        r1_0.unhelpful_count,
        r1_0.updated_at,
        r1_0.user_id 
    from
        reviews r1_0 
    where
        r1_0.room_id=?
2026-05-20T22:10:37.342+05:30 DEBUG 45004 --- [traveller-service] [nio-8080-exec-3] org.hibernate.SQL                        : 
    select
        r1_0.room_id,
        r1_0.id,
        r1_0.content,
        r1_0.created_at,
        r1_0.helpful_count,
        r1_0.hotel_id,
        r1_0.moderator_id,
        r1_0.moderator_notes,
        r1_0.rating,
        r1_0.review_type,
        r1_0.reviewed_at,
        r1_0.status,
        r1_0.title,
        r1_0.unhelpful_count,
        r1_0.updated_at,
        r1_0.user_id 
    from
        reviews r1_0 
    where
        r1_0.room_id=?
2026-05-20T22:10:37.442+05:30 DEBUG 45004 --- [traveller-service] [nio-8080-exec-3] org.hibernate.SQL                        : 
    select
        r1_0.room_id,
        r1_0.id,
        r1_0.content,
        r1_0.created_at,
        r1_0.helpful_count,
        r1_0.hotel_id,
        r1_0.moderator_id,
        r1_0.moderator_notes,
        r1_0.rating,
        r1_0.review_type,
        r1_0.reviewed_at,
        r1_0.status,
        r1_0.title,
        r1_0.unhelpful_count,
        r1_0.updated_at,
        r1_0.user_id 
    from
        reviews r1_0 
    where
        r1_0.room_id=?
2026-05-20T22:10:37.542+05:30 DEBUG 45004 --- [traveller-service] [nio-8080-exec-3] org.hibernate.SQL                        : 
    select
        r1_0.room_id,
        r1_0.id,
        r1_0.content,
        r1_0.created_at,
        r1_0.helpful_count,
        r1_0.hotel_id,
        r1_0.moderator_id,
        r1_0.moderator_notes,
        r1_0.rating,
        r1_0.review_type,
        r1_0.reviewed_at,
        r1_0.status,
        r1_0.title,
        r1_0.unhelpful_count,
        r1_0.updated_at,
        r1_0.user_id 
    from
        reviews r1_0 
    where
        r1_0.room_id=?
2026-05-20T22:10:37.634+05:30 DEBUG 45004 --- [traveller-service] [nio-8080-exec-3] org.hibernate.SQL                        : 
    select
        r1_0.room_id,
        r1_0.id,
        r1_0.content,
        r1_0.created_at,
        r1_0.helpful_count,
        r1_0.hotel_id,
        r1_0.moderator_id,
        r1_0.moderator_notes,
        r1_0.rating,
        r1_0.review_type,
        r1_0.reviewed_at,
        r1_0.status,
        r1_0.title,
        r1_0.unhelpful_count,
        r1_0.updated_at,
        r1_0.user_id 
    from
        reviews r1_0 
    where
        r1_0.room_id=?
2026-05-20T22:10:37.725+05:30 DEBUG 45004 --- [traveller-service] [nio-8080-exec-3] org.hibernate.SQL                        : 
    select
        r1_0.room_id,
        r1_0.id,
        r1_0.content,
        r1_0.created_at,
        r1_0.helpful_count,
        r1_0.hotel_id,
        r1_0.moderator_id,
        r1_0.moderator_notes,
        r1_0.rating,
        r1_0.review_type,
        r1_0.reviewed_at,
        r1_0.status,
        r1_0.title,
        r1_0.unhelpful_count,
        r1_0.updated_at,
        r1_0.user_id 
    from
        reviews r1_0 
    where
        r1_0.room_id=?
2026-05-20T22:10:37.818+05:30 DEBUG 45004 --- [traveller-service] [nio-8080-exec-3] org.hibernate.SQL                        : 
    select
        r1_0.room_id,
        r1_0.id,
        r1_0.content,
        r1_0.created_at,
        r1_0.helpful_count,
        r1_0.hotel_id,
        r1_0.moderator_id,
        r1_0.moderator_notes,
        r1_0.rating,
        r1_0.review_type,
        r1_0.reviewed_at,
        r1_0.status,
        r1_0.title,
        r1_0.unhelpful_count,
        r1_0.updated_at,
        r1_0.user_id 
    from
        reviews r1_0 
    where
        r1_0.room_id=?
2026-05-20T22:10:37.909+05:30 DEBUG 45004 --- [traveller-service] [nio-8080-exec-3] org.hibernate.SQL                        : 
    select
        r1_0.room_id,
        r1_0.id,
        r1_0.content,
        r1_0.created_at,
        r1_0.helpful_count,
        r1_0.hotel_id,
        r1_0.moderator_id,
        r1_0.moderator_notes,
        r1_0.rating,
        r1_0.review_type,
        r1_0.reviewed_at,
        r1_0.status,
        r1_0.title,
        r1_0.unhelpful_count,
        r1_0.updated_at,
        r1_0.user_id 
    from
        reviews r1_0 
    where
        r1_0.room_id=?
2026-05-20T22:10:38.010+05:30 DEBUG 45004 --- [traveller-service] [nio-8080-exec-3] org.hibernate.SQL                        : 
    select
        r1_0.room_id,
        r1_0.id,
        r1_0.content,
        r1_0.created_at,
        r1_0.helpful_count,
        r1_0.hotel_id,
        r1_0.moderator_id,
        r1_0.moderator_notes,
        r1_0.rating,
        r1_0.review_type,
        r1_0.reviewed_at,
        r1_0.status,
        r1_0.title,
        r1_0.unhelpful_count,
        r1_0.updated_at,
        r1_0.user_id 
    from
        reviews r1_0 
    where
        r1_0.room_id=?
2026-05-20T22:10:38.100+05:30 DEBUG 45004 --- [traveller-service] [nio-8080-exec-3] org.hibernate.SQL                        : 
    select
        r1_0.room_id,
        r1_0.id,
        r1_0.content,
        r1_0.created_at,
        r1_0.helpful_count,
        r1_0.hotel_id,
        r1_0.moderator_id,
        r1_0.moderator_notes,
        r1_0.rating,
        r1_0.review_type,
        r1_0.reviewed_at,
        r1_0.status,
        r1_0.title,
        r1_0.unhelpful_count,
        r1_0.updated_at,
        r1_0.user_id 
    from
        reviews r1_0 
    where
        r1_0.room_id=?
2026-05-20T22:10:38.191+05:30 DEBUG 45004 --- [traveller-service] [nio-8080-exec-3] org.hibernate.SQL                        : 
    select
        r1_0.room_id,
        r1_0.id,
        r1_0.content,
        r1_0.created_at,
        r1_0.helpful_count,
        r1_0.hotel_id,
        r1_0.moderator_id,
        r1_0.moderator_notes,
        r1_0.rating,
        r1_0.review_type,
        r1_0.reviewed_at,
        r1_0.status,
        r1_0.title,
        r1_0.unhelpful_count,
        r1_0.updated_at,
        r1_0.user_id 
    from
        reviews r1_0 
    where
        r1_0.room_id=?
2026-05-20T22:10:38.292+05:30 DEBUG 45004 --- [traveller-service] [nio-8080-exec-3] org.hibernate.SQL                        : 
    select
        r1_0.room_id,
        r1_0.id,
        r1_0.content,
        r1_0.created_at,
        r1_0.helpful_count,
        r1_0.hotel_id,
        r1_0.moderator_id,
        r1_0.moderator_notes,
        r1_0.rating,
        r1_0.review_type,
        r1_0.reviewed_at,
        r1_0.status,
        r1_0.title,
        r1_0.unhelpful_count,
        r1_0.updated_at,
        r1_0.user_id 
    from
        reviews r1_0 
    where
        r1_0.room_id=?
2026-05-20T22:10:38.385+05:30 DEBUG 45004 --- [traveller-service] [nio-8080-exec-3] org.hibernate.SQL                        : 
    select
        r1_0.room_id,
        r1_0.id,
        r1_0.content,
        r1_0.created_at,
        r1_0.helpful_count,
        r1_0.hotel_id,
        r1_0.moderator_id,
        r1_0.moderator_notes,
        r1_0.rating,
        r1_0.review_type,
        r1_0.reviewed_at,
        r1_0.status,
        r1_0.title,
        r1_0.unhelpful_count,
        r1_0.updated_at,
        r1_0.user_id 
    from
        reviews r1_0 
    where
        r1_0.room_id=?
2026-05-20T22:10:38.479+05:30 DEBUG 45004 --- [traveller-service] [nio-8080-exec-3] org.hibernate.SQL                        : 
    select
        r1_0.room_id,
        r1_0.id,
        r1_0.content,
        r1_0.created_at,
        r1_0.helpful_count,
        r1_0.hotel_id,
        r1_0.moderator_id,
        r1_0.moderator_notes,
        r1_0.rating,
        r1_0.review_type,
        r1_0.reviewed_at,
        r1_0.status,
        r1_0.title,
        r1_0.unhelpful_count,
        r1_0.updated_at,
        r1_0.user_id 
    from
        reviews r1_0 
    where
        r1_0.room_id=?
2026-05-20T22:10:38.575+05:30 DEBUG 45004 --- [traveller-service] [nio-8080-exec-3] org.hibernate.SQL                        : 
    select
        r1_0.room_id,
        r1_0.id,
        r1_0.content,
        r1_0.created_at,
        r1_0.helpful_count,
        r1_0.hotel_id,
        r1_0.moderator_id,
        r1_0.moderator_notes,
        r1_0.rating,
        r1_0.review_type,
        r1_0.reviewed_at,
        r1_0.status,
        r1_0.title,
        r1_0.unhelpful_count,
        r1_0.updated_at,
        r1_0.user_id 
    from
        reviews r1_0 
    where
        r1_0.room_id=?
2026-05-20T22:10:38.660+05:30 DEBUG 45004 --- [traveller-service] [nio-8080-exec-3] org.hibernate.SQL                        : 
    select
        r1_0.room_id,
        r1_0.id,
        r1_0.content,
        r1_0.created_at,
        r1_0.helpful_count,
        r1_0.hotel_id,
        r1_0.moderator_id,
        r1_0.moderator_notes,
        r1_0.rating,
        r1_0.review_type,
        r1_0.reviewed_at,
        r1_0.status,
        r1_0.title,
        r1_0.unhelpful_count,
        r1_0.updated_at,
        r1_0.user_id 
    from
        reviews r1_0 
    where
        r1_0.room_id=?
2026-05-20T22:10:38.761+05:30 DEBUG 45004 --- [traveller-service] [nio-8080-exec-3] org.hibernate.SQL                        : 
    select
        r1_0.room_id,
        r1_0.id,
        r1_0.content,
        r1_0.created_at,
        r1_0.helpful_count,
        r1_0.hotel_id,
        r1_0.moderator_id,
        r1_0.moderator_notes,
        r1_0.rating,
        r1_0.review_type,
        r1_0.reviewed_at,
        r1_0.status,
        r1_0.title,
        r1_0.unhelpful_count,
        r1_0.updated_at,
        r1_0.user_id 
    from
        reviews r1_0 
    where
        r1_0.room_id=?
2026-05-20T22:10:38.856+05:30 DEBUG 45004 --- [traveller-service] [nio-8080-exec-3] org.hibernate.SQL                        : 
    select
        r1_0.room_id,
        r1_0.id,
        r1_0.content,
        r1_0.created_at,
        r1_0.helpful_count,
        r1_0.hotel_id,
        r1_0.moderator_id,
        r1_0.moderator_notes,
        r1_0.rating,
        r1_0.review_type,
        r1_0.reviewed_at,
        r1_0.status,
        r1_0.title,
        r1_0.unhelpful_count,
        r1_0.updated_at,
        r1_0.user_id 
    from
        reviews r1_0 
    where
        r1_0.room_id=?
2026-05-20T22:10:38.943+05:30 DEBUG 45004 --- [traveller-service] [nio-8080-exec-3] org.hibernate.SQL                        : 
    select
        r1_0.room_id,
        r1_0.id,
        r1_0.content,
        r1_0.created_at,
        r1_0.helpful_count,
        r1_0.hotel_id,
        r1_0.moderator_id,
        r1_0.moderator_notes,
        r1_0.rating,
        r1_0.review_type,
        r1_0.reviewed_at,
        r1_0.status,
        r1_0.title,
        r1_0.unhelpful_count,
        r1_0.updated_at,
        r1_0.user_id 
    from
        reviews r1_0 
    where
        r1_0.room_id=?
2026-05-20T22:10:39.040+05:30 DEBUG 45004 --- [traveller-service] [nio-8080-exec-3] org.hibernate.SQL                        : 
    select
        r1_0.room_id,
        r1_0.id,
        r1_0.content,
        r1_0.created_at,
        r1_0.helpful_count,
        r1_0.hotel_id,
        r1_0.moderator_id,
        r1_0.moderator_notes,
        r1_0.rating,
        r1_0.review_type,
        r1_0.reviewed_at,
        r1_0.status,
        r1_0.title,
        r1_0.unhelpful_count,
        r1_0.updated_at,
        r1_0.user_id 
    from
        reviews r1_0 
    where
        r1_0.room_id=?
2026-05-20T22:10:39.135+05:30 DEBUG 45004 --- [traveller-service] [nio-8080-exec-3] org.hibernate.SQL                        : 
    select
        r1_0.room_id,
        r1_0.id,
        r1_0.content,
        r1_0.created_at,
        r1_0.helpful_count,
        r1_0.hotel_id,
        r1_0.moderator_id,
        r1_0.moderator_notes,
        r1_0.rating,
        r1_0.review_type,
        r1_0.reviewed_at,
        r1_0.status,
        r1_0.title,
        r1_0.unhelpful_count,
        r1_0.updated_at,
        r1_0.user_id 
    from
        reviews r1_0 
    where
        r1_0.room_id=?
2026-05-20T22:10:39.224+05:30 DEBUG 45004 --- [traveller-service] [nio-8080-exec-3] org.hibernate.SQL                        : 
    select
        r1_0.room_id,
        r1_0.id,
        r1_0.content,
        r1_0.created_at,
        r1_0.helpful_count,
        r1_0.hotel_id,
        r1_0.moderator_id,
        r1_0.moderator_notes,
        r1_0.rating,
        r1_0.review_type,
        r1_0.reviewed_at,
        r1_0.status,
        r1_0.title,
        r1_0.unhelpful_count,
        r1_0.updated_at,
        r1_0.user_id 
    from
        reviews r1_0 
    where
        r1_0.room_id=?
2026-05-20T22:10:48.534+05:30 DEBUG 45004 --- [traveller-service] [nio-8080-exec-4] org.hibernate.SQL                        : 
    select
        u1_0.id,
        u1_0.bio,
        u1_0.city,
        u1_0.email,
        u1_0.first_name,
        u1_0.image_key,
        u1_0.last_name,
        u1_0.password,
        u1_0.phone,
        u1_0.preferred_name,
        u1_0.provider,
        u1_0.provider_id,
        u1_0.time_zone,
        u1_0.travel_style 
    from
        users u1_0 
    where
        u1_0.email=?
2026-05-20T22:10:48.794+05:30 DEBUG 45004 --- [traveller-service] [nio-8080-exec-5] org.hibernate.SQL                        : 
    select
        u1_0.id,
        u1_0.bio,
        u1_0.city,
        u1_0.email,
        u1_0.first_name,
        u1_0.image_key,
        u1_0.last_name,
        u1_0.password,
        u1_0.phone,
        u1_0.preferred_name,
        u1_0.provider,
        u1_0.provider_id,
        u1_0.time_zone,
        u1_0.travel_style 
    from
        users u1_0 
    where
        u1_0.email=?
2026-05-20T22:10:49.016+05:30 DEBUG 45004 --- [traveller-service] [nio-8080-exec-2] org.hibernate.SQL                        : 
    select
        h1_0.id,
        h1_0.address,
        h1_0.city,
        h1_0.country,
        h1_0.created_at,
        h1_0.description,
        h1_0.email,
        h1_0.host_id,
        h1_0.name,
        h1_0.phone,
        h1_0.rating 
    from
        hotels h1_0 
    where
        h1_0.host_id=?
2026-05-20T22:10:49.225+05:30 DEBUG 45004 --- [traveller-service] [nio-8080-exec-2] org.hibernate.SQL                        : 
    select
        r1_0.hotel_id,
        r1_0.id,
        r1_0.content,
        r1_0.created_at,
        r1_0.helpful_count,
        r1_0.moderator_id,
        r1_0.moderator_notes,
        r1_0.rating,
        r1_0.review_type,
        r1_0.reviewed_at,
        r1_0.room_id,
        r1_0.status,
        r1_0.title,
        r1_0.unhelpful_count,
        r1_0.updated_at,
        r1_0.user_id 
    from
        reviews r1_0 
    where
        r1_0.hotel_id=?
2026-05-20T22:10:49.340+05:30 DEBUG 45004 --- [traveller-service] [io-8080-exec-10] org.hibernate.SQL                        : 
    select
        h1_0.id,
        h1_0.address,
        h1_0.city,
        h1_0.country,
        h1_0.created_at,
        h1_0.description,
        h1_0.email,
        h1_0.host_id,
        h1_0.name,
        h1_0.phone,
        h1_0.rating 
    from
        hotels h1_0 
    where
        h1_0.host_id=?
2026-05-20T22:10:49.424+05:30 DEBUG 45004 --- [traveller-service] [io-8080-exec-10] org.hibernate.SQL                        : 
    select
        r1_0.hotel_id,
        r1_0.id,
        r1_0.content,
        r1_0.created_at,
        r1_0.helpful_count,
        r1_0.moderator_id,
        r1_0.moderator_notes,
        r1_0.rating,
        r1_0.review_type,
        r1_0.reviewed_at,
        r1_0.room_id,
        r1_0.status,
        r1_0.title,
        r1_0.unhelpful_count,
        r1_0.updated_at,
        r1_0.user_id 
    from
        reviews r1_0 
    where
        r1_0.hotel_id=?
2026-05-20T22:10:49.669+05:30 DEBUG 45004 --- [traveller-service] [nio-8080-exec-8] org.hibernate.SQL                        : 
    select
        b1_0.id,
        b1_0.base_price,
        b1_0.check_in_date,
        b1_0.check_out_date,
        b1_0.created_at,
        b1_0.dynamic_pricing_adjustment,
        b1_0.guest_email,
        b1_0.guest_name,
        b1_0.guest_phone,
        b1_0.hotel_id,
        b1_0.notes,
        b1_0.promotional_discount,
        b1_0.room_id,
        b1_0.seasonal_adjustment,
        b1_0.status,
        b1_0.total_price,
        b1_0.updated_at 
    from
        bookings b1_0 
    where
        b1_0.hotel_id=?
2026-05-20T22:10:49.775+05:30 DEBUG 45004 --- [traveller-service] [nio-8080-exec-7] org.hibernate.SQL                        : 
    select
        ha1_0.id,
        ha1_0.analytics_date,
        ha1_0.average_rating,
        ha1_0.average_response_time_hours,
        ha1_0.cancellation_rate,
        ha1_0.cancelled_bookings,
        ha1_0.commission_paid,
        ha1_0.completed_bookings,
        ha1_0.created_at,
        ha1_0.five_star_reviews,
        ha1_0.gross_revenue,
        ha1_0.host_id,
        ha1_0.net_revenue,
        ha1_0.occupancy_rate,
        ha1_0.occupied_nights,
        ha1_0.pending_bookings,
        ha1_0.period_end_date,
        ha1_0.period_start_date,
        ha1_0.response_rate,
        ha1_0.returning_guests,
        ha1_0.total_available_nights,
        ha1_0.total_bookings,
        ha1_0.total_guests,
        ha1_0.total_revenue,
        ha1_0.total_reviews,
        ha1_0.unique_guests,
        ha1_0.updated_at 
    from
        host_analytics ha1_0 
    where
        ha1_0.host_id=? 
        and ha1_0.analytics_date between ? and ? 
    order by
        ha1_0.analytics_date desc
2026-05-20T22:10:49.898+05:30 DEBUG 45004 --- [traveller-service] [nio-8080-exec-7] org.hibernate.SQL                        : 
    select
        sum(he1_0.net_earnings) 
    from
        host_earnings he1_0 
    where
        he1_0.host_id=? 
        and he1_0.status='PAID'
2026-05-20T22:10:50.030+05:30 DEBUG 45004 --- [traveller-service] [nio-8080-exec-7] org.hibernate.SQL                        : 
    select
        sum(he1_0.net_earnings) 
    from
        host_earnings he1_0 
    where
        he1_0.host_id=? 
        and extract(month from he1_0.check_in_date)=? 
        and extract(year from he1_0.check_in_date)=? 
        and he1_0.status in ('EARNED', 'PAID')
2026-05-20T22:10:50.100+05:30 DEBUG 45004 --- [traveller-service] [nio-8080-exec-9] org.hibernate.SQL                        : 
    select
        b1_0.id,
        b1_0.base_price,
        b1_0.check_in_date,
        b1_0.check_out_date,
        b1_0.created_at,
        b1_0.dynamic_pricing_adjustment,
        b1_0.guest_email,
        b1_0.guest_name,
        b1_0.guest_phone,
        b1_0.hotel_id,
        b1_0.notes,
        b1_0.promotional_discount,
        b1_0.room_id,
        b1_0.seasonal_adjustment,
        b1_0.status,
        b1_0.total_price,
        b1_0.updated_at 
    from
        bookings b1_0 
    where
        b1_0.hotel_id=?
2026-05-20T22:10:50.133+05:30 DEBUG 45004 --- [traveller-service] [nio-8080-exec-7] org.hibernate.SQL                        : 
    select
        ha1_0.id,
        ha1_0.analytics_date,
        ha1_0.average_rating,
        ha1_0.average_response_time_hours,
        ha1_0.cancellation_rate,
        ha1_0.cancelled_bookings,
        ha1_0.commission_paid,
        ha1_0.completed_bookings,
        ha1_0.created_at,
        ha1_0.five_star_reviews,
        ha1_0.gross_revenue,
        ha1_0.host_id,
        ha1_0.net_revenue,
        ha1_0.occupancy_rate,
        ha1_0.occupied_nights,
        ha1_0.pending_bookings,
        ha1_0.period_end_date,
        ha1_0.period_start_date,
        ha1_0.response_rate,
        ha1_0.returning_guests,
        ha1_0.total_available_nights,
        ha1_0.total_bookings,
        ha1_0.total_guests,
        ha1_0.total_revenue,
        ha1_0.total_reviews,
        ha1_0.unique_guests,
        ha1_0.updated_at 
    from
        host_analytics ha1_0 
    where
        ha1_0.host_id=? 
        and ha1_0.analytics_date between ? and ? 
    order by
        ha1_0.analytics_date desc
2026-05-20T22:10:50.241+05:30 DEBUG 45004 --- [traveller-service] [nio-8080-exec-7] org.hibernate.SQL                        : 
    select
        he1_0.id,
        he1_0.base_amount,
        he1_0.booking_id,
        he1_0.check_in_date,
        he1_0.check_out_date,
        he1_0.commission_amount,
        he1_0.commission_rate,
        he1_0.created_at,
        he1_0.currency,
        he1_0.discounts_applied,
        he1_0.earned_date,
        he1_0.gross_earnings,
        he1_0.guest_id,
        he1_0.host_id,
        he1_0.hotel_id,
        he1_0.net_earnings,
        he1_0.notes,
        he1_0.number_of_nights,
        he1_0.paid_date,
        he1_0.payout_id,
        he1_0.room_id,
        he1_0.status,
        he1_0.taxes_and_fees,
        he1_0.updated_at 
    from
        host_earnings he1_0 
    where
        he1_0.host_id=? 
        and he1_0.check_in_date>=? 
        and he1_0.check_out_date<=?
2026-05-20T22:10:50.358+05:30 DEBUG 45004 --- [traveller-service] [nio-8080-exec-7] org.hibernate.SQL                        : 
    select
        ha1_0.id,
        ha1_0.analytics_date,
        ha1_0.average_rating,
        ha1_0.average_response_time_hours,
        ha1_0.cancellation_rate,
        ha1_0.cancelled_bookings,
        ha1_0.commission_paid,
        ha1_0.completed_bookings,
        ha1_0.created_at,
        ha1_0.five_star_reviews,
        ha1_0.gross_revenue,
        ha1_0.host_id,
        ha1_0.net_revenue,
        ha1_0.occupancy_rate,
        ha1_0.occupied_nights,
        ha1_0.pending_bookings,
        ha1_0.period_end_date,
        ha1_0.period_start_date,
        ha1_0.response_rate,
        ha1_0.returning_guests,
        ha1_0.total_available_nights,
        ha1_0.total_bookings,
        ha1_0.total_guests,
        ha1_0.total_revenue,
        ha1_0.total_reviews,
        ha1_0.unique_guests,
        ha1_0.updated_at 
    from
        host_analytics ha1_0 
    where
        ha1_0.host_id=? 
        and ha1_0.analytics_date between ? and ? 
    order by
        ha1_0.analytics_date desc
2026-05-20T22:10:50.439+05:30 DEBUG 45004 --- [traveller-service] [nio-8080-exec-7] org.hibernate.SQL                        : 
    select
        he1_0.id,
        he1_0.base_amount,
        he1_0.booking_id,
        he1_0.check_in_date,
        he1_0.check_out_date,
        he1_0.commission_amount,
        he1_0.commission_rate,
        he1_0.created_at,
        he1_0.currency,
        he1_0.discounts_applied,
        he1_0.earned_date,
        he1_0.gross_earnings,
        he1_0.guest_id,
        he1_0.host_id,
        he1_0.hotel_id,
        he1_0.net_earnings,
        he1_0.notes,
        he1_0.number_of_nights,
        he1_0.paid_date,
        he1_0.payout_id,
        he1_0.room_id,
        he1_0.status,
        he1_0.taxes_and_fees,
        he1_0.updated_at 
    from
        host_earnings he1_0 
    where
        he1_0.host_id=? 
        and he1_0.check_in_date>=? 
        and he1_0.check_out_date<=?
2026-05-20T22:10:51.001+05:30 DEBUG 45004 --- [traveller-service] [nio-8080-exec-1] org.hibernate.SQL                        : 
    select
        ha1_0.id,
        ha1_0.analytics_date,
        ha1_0.average_rating,
        ha1_0.average_response_time_hours,
        ha1_0.cancellation_rate,
        ha1_0.cancelled_bookings,
        ha1_0.commission_paid,
        ha1_0.completed_bookings,
        ha1_0.created_at,
        ha1_0.five_star_reviews,
        ha1_0.gross_revenue,
        ha1_0.host_id,
        ha1_0.net_revenue,
        ha1_0.occupancy_rate,
        ha1_0.occupied_nights,
        ha1_0.pending_bookings,
        ha1_0.period_end_date,
        ha1_0.period_start_date,
        ha1_0.response_rate,
        ha1_0.returning_guests,
        ha1_0.total_available_nights,
        ha1_0.total_bookings,
        ha1_0.total_guests,
        ha1_0.total_revenue,
        ha1_0.total_reviews,
        ha1_0.unique_guests,
        ha1_0.updated_at 
    from
        host_analytics ha1_0 
    where
        ha1_0.host_id=? 
        and ha1_0.analytics_date between ? and ? 
    order by
        ha1_0.analytics_date desc
2026-05-20T22:10:51.092+05:30 DEBUG 45004 --- [traveller-service] [nio-8080-exec-1] org.hibernate.SQL                        : 
    select
        sum(he1_0.net_earnings) 
    from
        host_earnings he1_0 
    where
        he1_0.host_id=? 
        and he1_0.status='PAID'
2026-05-20T22:10:51.172+05:30 DEBUG 45004 --- [traveller-service] [nio-8080-exec-1] org.hibernate.SQL                        : 
    select
        sum(he1_0.net_earnings) 
    from
        host_earnings he1_0 
    where
        he1_0.host_id=? 
        and extract(month from he1_0.check_in_date)=? 
        and extract(year from he1_0.check_in_date)=? 
        and he1_0.status in ('EARNED', 'PAID')
2026-05-20T22:10:51.268+05:30 DEBUG 45004 --- [traveller-service] [nio-8080-exec-1] org.hibernate.SQL                        : 
    select
        ha1_0.id,
        ha1_0.analytics_date,
        ha1_0.average_rating,
        ha1_0.average_response_time_hours,
        ha1_0.cancellation_rate,
        ha1_0.cancelled_bookings,
        ha1_0.commission_paid,
        ha1_0.completed_bookings,
        ha1_0.created_at,
        ha1_0.five_star_reviews,
        ha1_0.gross_revenue,
        ha1_0.host_id,
        ha1_0.net_revenue,
        ha1_0.occupancy_rate,
        ha1_0.occupied_nights,
        ha1_0.pending_bookings,
        ha1_0.period_end_date,
        ha1_0.period_start_date,
        ha1_0.response_rate,
        ha1_0.returning_guests,
        ha1_0.total_available_nights,
        ha1_0.total_bookings,
        ha1_0.total_guests,
        ha1_0.total_revenue,
        ha1_0.total_reviews,
        ha1_0.unique_guests,
        ha1_0.updated_at 
    from
        host_analytics ha1_0 
    where
        ha1_0.host_id=? 
        and ha1_0.analytics_date between ? and ? 
    order by
        ha1_0.analytics_date desc
2026-05-20T22:10:51.364+05:30 DEBUG 45004 --- [traveller-service] [nio-8080-exec-1] org.hibernate.SQL                        : 
    select
        he1_0.id,
        he1_0.base_amount,
        he1_0.booking_id,
        he1_0.check_in_date,
        he1_0.check_out_date,
        he1_0.commission_amount,
        he1_0.commission_rate,
        he1_0.created_at,
        he1_0.currency,
        he1_0.discounts_applied,
        he1_0.earned_date,
        he1_0.gross_earnings,
        he1_0.guest_id,
        he1_0.host_id,
        he1_0.hotel_id,
        he1_0.net_earnings,
        he1_0.notes,
        he1_0.number_of_nights,
        he1_0.paid_date,
        he1_0.payout_id,
        he1_0.room_id,
        he1_0.status,
        he1_0.taxes_and_fees,
        he1_0.updated_at 
    from
        host_earnings he1_0 
    where
        he1_0.host_id=? 
        and he1_0.check_in_date>=? 
        and he1_0.check_out_date<=?
2026-05-20T22:10:51.456+05:30 DEBUG 45004 --- [traveller-service] [nio-8080-exec-1] org.hibernate.SQL                        : 
    select
        ha1_0.id,
        ha1_0.analytics_date,
        ha1_0.average_rating,
        ha1_0.average_response_time_hours,
        ha1_0.cancellation_rate,
        ha1_0.cancelled_bookings,
        ha1_0.commission_paid,
        ha1_0.completed_bookings,
        ha1_0.created_at,
        ha1_0.five_star_reviews,
        ha1_0.gross_revenue,
        ha1_0.host_id,
        ha1_0.net_revenue,
        ha1_0.occupancy_rate,
        ha1_0.occupied_nights,
        ha1_0.pending_bookings,
        ha1_0.period_end_date,
        ha1_0.period_start_date,
        ha1_0.response_rate,
        ha1_0.returning_guests,
        ha1_0.total_available_nights,
        ha1_0.total_bookings,
        ha1_0.total_guests,
        ha1_0.total_revenue,
        ha1_0.total_reviews,
        ha1_0.unique_guests,
        ha1_0.updated_at 
    from
        host_analytics ha1_0 
    where
        ha1_0.host_id=? 
        and ha1_0.analytics_date between ? and ? 
    order by
        ha1_0.analytics_date desc
2026-05-20T22:10:51.626+05:30 DEBUG 45004 --- [traveller-service] [nio-8080-exec-1] org.hibernate.SQL                        : 
    select
        he1_0.id,
        he1_0.base_amount,
        he1_0.booking_id,
        he1_0.check_in_date,
        he1_0.check_out_date,
        he1_0.commission_amount,
        he1_0.commission_rate,
        he1_0.created_at,
        he1_0.currency,
        he1_0.discounts_applied,
        he1_0.earned_date,
        he1_0.gross_earnings,
        he1_0.guest_id,
        he1_0.host_id,
        he1_0.hotel_id,
        he1_0.net_earnings,
        he1_0.notes,
        he1_0.number_of_nights,
        he1_0.paid_date,
        he1_0.payout_id,
        he1_0.room_id,
        he1_0.status,
        he1_0.taxes_and_fees,
        he1_0.updated_at 
    from
        host_earnings he1_0 
    where
        he1_0.host_id=? 
        and he1_0.check_in_date>=? 
        and he1_0.check_out_date<=?
2026-05-20T22:10:56.720+05:30 DEBUG 45004 --- [traveller-service] [nio-8080-exec-6] org.hibernate.SQL                        : 
    select
        u1_0.id,
        u1_0.bio,
        u1_0.city,
        u1_0.email,
        u1_0.first_name,
        u1_0.image_key,
        u1_0.last_name,
        u1_0.password,
        u1_0.phone,
        u1_0.preferred_name,
        u1_0.provider,
        u1_0.provider_id,
        u1_0.time_zone,
        u1_0.travel_style 
    from
        users u1_0 
    where
        u1_0.email=?
2026-05-20T22:10:56.967+05:30 DEBUG 45004 --- [traveller-service] [nio-8080-exec-3] org.hibernate.SQL                        : 
    select
        u1_0.id,
        u1_0.bio,
        u1_0.city,
        u1_0.email,
        u1_0.first_name,
        u1_0.image_key,
        u1_0.last_name,
        u1_0.password,
        u1_0.phone,
        u1_0.preferred_name,
        u1_0.provider,
        u1_0.provider_id,
        u1_0.time_zone,
        u1_0.travel_style 
    from
        users u1_0 
    where
        u1_0.email=?
2026-05-20T22:10:57.222+05:30 DEBUG 45004 --- [traveller-service] [nio-8080-exec-4] org.hibernate.SQL                        : 
    select
        h1_0.id,
        h1_0.address,
        h1_0.city,
        h1_0.country,
        h1_0.created_at,
        h1_0.description,
        h1_0.email,
        h1_0.host_id,
        h1_0.name,
        h1_0.phone,
        h1_0.rating 
    from
        hotels h1_0 
    where
        h1_0.host_id=?
2026-05-20T22:10:57.397+05:30 DEBUG 45004 --- [traveller-service] [nio-8080-exec-4] org.hibernate.SQL                        : 
    select
        r1_0.hotel_id,
        r1_0.id,
        r1_0.content,
        r1_0.created_at,
        r1_0.helpful_count,
        r1_0.moderator_id,
        r1_0.moderator_notes,
        r1_0.rating,
        r1_0.review_type,
        r1_0.reviewed_at,
        r1_0.room_id,
        r1_0.status,
        r1_0.title,
        r1_0.unhelpful_count,
        r1_0.updated_at,
        r1_0.user_id 
    from
        reviews r1_0 
    where
        r1_0.hotel_id=?
2026-05-20T22:10:57.487+05:30 DEBUG 45004 --- [traveller-service] [nio-8080-exec-5] org.hibernate.SQL                        : 
    select
        h1_0.id,
        h1_0.address,
        h1_0.city,
        h1_0.country,
        h1_0.created_at,
        h1_0.description,
        h1_0.email,
        h1_0.host_id,
        h1_0.name,
        h1_0.phone,
        h1_0.rating 
    from
        hotels h1_0 
    where
        h1_0.host_id=?
2026-05-20T22:10:57.574+05:30 DEBUG 45004 --- [traveller-service] [nio-8080-exec-5] org.hibernate.SQL                        : 
    select
        r1_0.hotel_id,
        r1_0.id,
        r1_0.content,
        r1_0.created_at,
        r1_0.helpful_count,
        r1_0.moderator_id,
        r1_0.moderator_notes,
        r1_0.rating,
        r1_0.review_type,
        r1_0.reviewed_at,
        r1_0.room_id,
        r1_0.status,
        r1_0.title,
        r1_0.unhelpful_count,
        r1_0.updated_at,
        r1_0.user_id 
    from
        reviews r1_0 
    where
        r1_0.hotel_id=?
2026-05-20T22:10:57.978+05:30 DEBUG 45004 --- [traveller-service] [nio-8080-exec-2] org.hibernate.SQL                        : 
    select
        h1_0.id,
        h1_0.address,
        h1_0.city,
        h1_0.country,
        h1_0.created_at,
        h1_0.description,
        h1_0.email,
        h1_0.host_id,
        h1_0.name,
        h1_0.phone,
        h1_0.rating 
    from
        hotels h1_0 
    where
        h1_0.host_id=?
2026-05-20T22:10:58.185+05:30 DEBUG 45004 --- [traveller-service] [nio-8080-exec-2] org.hibernate.SQL                        : 
    select
        r1_0.hotel_id,
        r1_0.id,
        r1_0.content,
        r1_0.created_at,
        r1_0.helpful_count,
        r1_0.moderator_id,
        r1_0.moderator_notes,
        r1_0.rating,
        r1_0.review_type,
        r1_0.reviewed_at,
        r1_0.room_id,
        r1_0.status,
        r1_0.title,
        r1_0.unhelpful_count,
        r1_0.updated_at,
        r1_0.user_id 
    from
        reviews r1_0 
    where
        r1_0.hotel_id=?
2026-05-20T22:11:01.833+05:30 DEBUG 45004 --- [traveller-service] [io-8080-exec-10] org.hibernate.SQL                        : 
    select
        u1_0.id,
        u1_0.bio,
        u1_0.city,
        u1_0.email,
        u1_0.first_name,
        u1_0.image_key,
        u1_0.last_name,
        u1_0.password,
        u1_0.phone,
        u1_0.preferred_name,
        u1_0.provider,
        u1_0.provider_id,
        u1_0.time_zone,
        u1_0.travel_style 
    from
        users u1_0 
    where
        u1_0.email=?
2026-05-20T22:11:02.102+05:30 DEBUG 45004 --- [traveller-service] [nio-8080-exec-8] org.hibernate.SQL                        : 
    select
        u1_0.id,
        u1_0.bio,
        u1_0.city,
        u1_0.email,
        u1_0.first_name,
        u1_0.image_key,
        u1_0.last_name,
        u1_0.password,
        u1_0.phone,
        u1_0.preferred_name,
        u1_0.provider,
        u1_0.provider_id,
        u1_0.time_zone,
        u1_0.travel_style 
    from
        users u1_0 
    where
        u1_0.email=?
2026-05-20T22:11:02.318+05:30 DEBUG 45004 --- [traveller-service] [nio-8080-exec-9] org.hibernate.SQL                        : 
    select
        h1_0.id,
        h1_0.address,
        h1_0.city,
        h1_0.country,
        h1_0.created_at,
        h1_0.description,
        h1_0.email,
        h1_0.host_id,
        h1_0.name,
        h1_0.phone,
        h1_0.rating 
    from
        hotels h1_0 
    where
        h1_0.host_id=?
2026-05-20T22:11:02.522+05:30 DEBUG 45004 --- [traveller-service] [nio-8080-exec-9] org.hibernate.SQL                        : 
    select
        r1_0.hotel_id,
        r1_0.id,
        r1_0.content,
        r1_0.created_at,
        r1_0.helpful_count,
        r1_0.moderator_id,
        r1_0.moderator_notes,
        r1_0.rating,
        r1_0.review_type,
        r1_0.reviewed_at,
        r1_0.room_id,
        r1_0.status,
        r1_0.title,
        r1_0.unhelpful_count,
        r1_0.updated_at,
        r1_0.user_id 
    from
        reviews r1_0 
    where
        r1_0.hotel_id=?
2026-05-20T22:11:02.641+05:30 DEBUG 45004 --- [traveller-service] [nio-8080-exec-7] org.hibernate.SQL                        : 
    select
        h1_0.id,
        h1_0.address,
        h1_0.city,
        h1_0.country,
        h1_0.created_at,
        h1_0.description,
        h1_0.email,
        h1_0.host_id,
        h1_0.name,
        h1_0.phone,
        h1_0.rating 
    from
        hotels h1_0 
    where
        h1_0.host_id=?
2026-05-20T22:11:02.814+05:30 DEBUG 45004 --- [traveller-service] [nio-8080-exec-7] org.hibernate.SQL                        : 
    select
        r1_0.hotel_id,
        r1_0.id,
        r1_0.content,
        r1_0.created_at,
        r1_0.helpful_count,
        r1_0.moderator_id,
        r1_0.moderator_notes,
        r1_0.rating,
        r1_0.review_type,
        r1_0.reviewed_at,
        r1_0.room_id,
        r1_0.status,
        r1_0.title,
        r1_0.unhelpful_count,
        r1_0.updated_at,
        r1_0.user_id 
    from
        reviews r1_0 
    where
        r1_0.hotel_id=?
2026-05-20T22:11:02.983+05:30 DEBUG 45004 --- [traveller-service] [nio-8080-exec-1] org.hibernate.SQL                        : 
    select
        pr1_0.id,
        pr1_0.adjusted_price,
        pr1_0.base_price,
        pr1_0.created_at,
        pr1_0.description,
        pr1_0.end_date,
        pr1_0.fixed_discount,
        pr1_0.hotel_id,
        pr1_0.is_active,
        pr1_0.multiplier,
        pr1_0.pricing_type,
        pr1_0.priority,
        pr1_0.room_id,
        pr1_0.rule_type,
        pr1_0.season,
        pr1_0.start_date,
        pr1_0.updated_at 
    from
        pricing_rules pr1_0 
    where
        pr1_0.hotel_id=? 
        and pr1_0.is_active=true
2026-05-20T22:11:04.887+05:30 DEBUG 45004 --- [traveller-service] [nio-8080-exec-6] org.hibernate.SQL                        : 
    select
        u1_0.id,
        u1_0.bio,
        u1_0.city,
        u1_0.email,
        u1_0.first_name,
        u1_0.image_key,
        u1_0.last_name,
        u1_0.password,
        u1_0.phone,
        u1_0.preferred_name,
        u1_0.provider,
        u1_0.provider_id,
        u1_0.time_zone,
        u1_0.travel_style 
    from
        users u1_0 
    where
        u1_0.email=?
2026-05-20T22:11:05.149+05:30 DEBUG 45004 --- [traveller-service] [nio-8080-exec-3] org.hibernate.SQL                        : 
    select
        u1_0.id,
        u1_0.bio,
        u1_0.city,
        u1_0.email,
        u1_0.first_name,
        u1_0.image_key,
        u1_0.last_name,
        u1_0.password,
        u1_0.phone,
        u1_0.preferred_name,
        u1_0.provider,
        u1_0.provider_id,
        u1_0.time_zone,
        u1_0.travel_style 
    from
        users u1_0 
    where
        u1_0.email=?
2026-05-20T22:11:05.388+05:30 DEBUG 45004 --- [traveller-service] [nio-8080-exec-4] org.hibernate.SQL                        : 
    select
        h1_0.id,
        h1_0.address,
        h1_0.city,
        h1_0.country,
        h1_0.created_at,
        h1_0.description,
        h1_0.email,
        h1_0.host_id,
        h1_0.name,
        h1_0.phone,
        h1_0.rating 
    from
        hotels h1_0 
    where
        h1_0.host_id=?
2026-05-20T22:11:05.544+05:30 DEBUG 45004 --- [traveller-service] [nio-8080-exec-4] org.hibernate.SQL                        : 
    select
        r1_0.hotel_id,
        r1_0.id,
        r1_0.content,
        r1_0.created_at,
        r1_0.helpful_count,
        r1_0.moderator_id,
        r1_0.moderator_notes,
        r1_0.rating,
        r1_0.review_type,
        r1_0.reviewed_at,
        r1_0.room_id,
        r1_0.status,
        r1_0.title,
        r1_0.unhelpful_count,
        r1_0.updated_at,
        r1_0.user_id 
    from
        reviews r1_0 
    where
        r1_0.hotel_id=?
2026-05-20T22:11:05.636+05:30 DEBUG 45004 --- [traveller-service] [nio-8080-exec-5] org.hibernate.SQL                        : 
    select
        h1_0.id,
        h1_0.address,
        h1_0.city,
        h1_0.country,
        h1_0.created_at,
        h1_0.description,
        h1_0.email,
        h1_0.host_id,
        h1_0.name,
        h1_0.phone,
        h1_0.rating 
    from
        hotels h1_0 
    where
        h1_0.host_id=?
2026-05-20T22:11:05.719+05:30 DEBUG 45004 --- [traveller-service] [nio-8080-exec-5] org.hibernate.SQL                        : 
    select
        r1_0.hotel_id,
        r1_0.id,
        r1_0.content,
        r1_0.created_at,
        r1_0.helpful_count,
        r1_0.moderator_id,
        r1_0.moderator_notes,
        r1_0.rating,
        r1_0.review_type,
        r1_0.reviewed_at,
        r1_0.room_id,
        r1_0.status,
        r1_0.title,
        r1_0.unhelpful_count,
        r1_0.updated_at,
        r1_0.user_id 
    from
        reviews r1_0 
    where
        r1_0.hotel_id=?
2026-05-20T22:11:06.169+05:30 ERROR 45004 --- [traveller-service] [nio-8080-exec-2] o.a.c.c.C.[.[.[/].[dispatcherServlet]    : Servlet.service() for servlet [dispatcherServlet] in context with path [] threw exception [Request processing failed: org.springframework.dao.InvalidDataAccessApiUsageException: Argument to query parameter has an incompatible type (java.lang.String is not assignable to com.travolish.traveller.pricing.entity.BoostListing$BoostStatus)] with root cause

org.hibernate.query.QueryArgumentException: Argument to query parameter has an incompatible type (java.lang.String is not assignable to com.travolish.traveller.pricing.entity.BoostListing$BoostStatus)
	at org.hibernate.query.spi.AbstractCommonQueryContract.setParameterValue(AbstractCommonQueryContract.java:881) ~[hibernate-core-7.2.0.Final.jar!/:7.2.0.Final]
	at org.hibernate.query.spi.AbstractCommonQueryContract.setParameter(AbstractCommonQueryContract.java:907) ~[hibernate-core-7.2.0.Final.jar!/:7.2.0.Final]
	at org.hibernate.query.spi.AbstractSelectionQuery.setParameter(AbstractSelectionQuery.java:651) ~[hibernate-core-7.2.0.Final.jar!/:7.2.0.Final]
	at org.hibernate.query.sqm.internal.SqmQueryImpl.setParameter(SqmQueryImpl.java:1049) ~[hibernate-core-7.2.0.Final.jar!/:7.2.0.Final]
	at org.hibernate.query.sqm.internal.SqmQueryImpl.setParameter(SqmQueryImpl.java:109) ~[hibernate-core-7.2.0.Final.jar!/:7.2.0.Final]
	at org.springframework.data.jpa.repository.query.QueryParameterSetter$BindableQuery.setParameter(QueryParameterSetter.java:303) ~[spring-data-jpa-4.0.1.jar!/:4.0.1]
	at org.springframework.data.jpa.repository.query.QueryParameterSetter$NamedOrIndexedQueryParameterSetter.setParameter(QueryParameterSetter.java:107) ~[spring-data-jpa-4.0.1.jar!/:4.0.1]
	at org.springframework.data.jpa.repository.query.QueryParameterSetter$NamedOrIndexedQueryParameterSetter.setParameter(QueryParameterSetter.java:95) ~[spring-data-jpa-4.0.1.jar!/:4.0.1]
	at org.springframework.data.jpa.repository.query.ParameterBinder.bind(ParameterBinder.java:87) ~[spring-data-jpa-4.0.1.jar!/:4.0.1]
	at org.springframework.data.jpa.repository.query.ParameterBinder.bind(ParameterBinder.java:79) ~[spring-data-jpa-4.0.1.jar!/:4.0.1]
	at org.springframework.data.jpa.repository.query.ParameterBinder.bindAndPrepare(ParameterBinder.java:100) ~[spring-data-jpa-4.0.1.jar!/:4.0.1]
	at org.springframework.data.jpa.repository.query.PartTreeJpaQuery$QueryPreparer.invokeBinding(PartTreeJpaQuery.java:368) ~[spring-data-jpa-4.0.1.jar!/:4.0.1]
	at org.springframework.data.jpa.repository.query.PartTreeJpaQuery$QueryPreparer.createQuery(PartTreeJpaQuery.java:250) ~[spring-data-jpa-4.0.1.jar!/:4.0.1]
	at org.springframework.data.jpa.repository.query.PartTreeJpaQuery.doCreateQuery(PartTreeJpaQuery.java:125) ~[spring-data-jpa-4.0.1.jar!/:4.0.1]
	at org.springframework.data.jpa.repository.query.AbstractJpaQuery.createQuery(AbstractJpaQuery.java:264) ~[spring-data-jpa-4.0.1.jar!/:4.0.1]
	at org.springframework.data.jpa.repository.query.JpaQueryExecution$PagedExecution.doExecute(JpaQueryExecution.java:285) ~[spring-data-jpa-4.0.1.jar!/:4.0.1]
	at org.springframework.data.jpa.repository.query.JpaQueryExecution.execute(JpaQueryExecution.java:99) ~[spring-data-jpa-4.0.1.jar!/:4.0.1]
	at org.springframework.data.jpa.repository.query.AbstractJpaQuery.doExecute(AbstractJpaQuery.java:164) ~[spring-data-jpa-4.0.1.jar!/:4.0.1]
	at org.springframework.data.jpa.repository.query.AbstractJpaQuery.execute(AbstractJpaQuery.java:154) ~[spring-data-jpa-4.0.1.jar!/:4.0.1]
	at org.springframework.data.repository.core.support.RepositoryMethodInvoker.doInvoke(RepositoryMethodInvoker.java:169) ~[spring-data-commons-4.0.1.jar!/:4.0.1]
	at org.springframework.data.repository.core.support.RepositoryMethodInvoker.invoke(RepositoryMethodInvoker.java:158) ~[spring-data-commons-4.0.1.jar!/:4.0.1]
	at org.springframework.data.repository.core.support.QueryExecutorMethodInterceptor.doInvoke(QueryExecutorMethodInterceptor.java:167) ~[spring-data-commons-4.0.1.jar!/:4.0.1]
	at org.springframework.data.repository.core.support.QueryExecutorMethodInterceptor.invoke(QueryExecutorMethodInterceptor.java:146) ~[spring-data-commons-4.0.1.jar!/:4.0.1]
	at org.springframework.aop.framework.ReflectiveMethodInvocation.proceed(ReflectiveMethodInvocation.java:179) ~[spring-aop-7.0.2.jar!/:7.0.2]
	at org.springframework.data.projection.DefaultMethodInvokingMethodInterceptor.invoke(DefaultMethodInvokingMethodInterceptor.java:69) ~[spring-data-commons-4.0.1.jar!/:4.0.1]
	at org.springframework.aop.framework.ReflectiveMethodInvocation.proceed(ReflectiveMethodInvocation.java:179) ~[spring-aop-7.0.2.jar!/:7.0.2]
	at org.springframework.transaction.interceptor.TransactionAspectSupport.invokeWithinTransaction(TransactionAspectSupport.java:370) ~[spring-tx-7.0.2.jar!/:7.0.2]
	at org.springframework.transaction.interceptor.TransactionInterceptor.invoke(TransactionInterceptor.java:118) ~[spring-tx-7.0.2.jar!/:7.0.2]
	at org.springframework.aop.framework.ReflectiveMethodInvocation.proceed(ReflectiveMethodInvocation.java:179) ~[spring-aop-7.0.2.jar!/:7.0.2]
	at org.springframework.dao.support.PersistenceExceptionTranslationInterceptor.invoke(PersistenceExceptionTranslationInterceptor.java:135) ~[spring-tx-7.0.2.jar!/:7.0.2]
	at org.springframework.aop.framework.ReflectiveMethodInvocation.proceed(ReflectiveMethodInvocation.java:179) ~[spring-aop-7.0.2.jar!/:7.0.2]
	at org.springframework.data.jpa.repository.support.CrudMethodMetadataPostProcessor$CrudMethodMetadataPopulatingMethodInterceptor.invoke(CrudMethodMetadataPostProcessor.java:137) ~[spring-data-jpa-4.0.1.jar!/:4.0.1]
	at org.springframework.aop.framework.ReflectiveMethodInvocation.proceed(ReflectiveMethodInvocation.java:179) ~[spring-aop-7.0.2.jar!/:7.0.2]
	at org.springframework.aop.framework.JdkDynamicAopProxy.invoke(JdkDynamicAopProxy.java:222) ~[spring-aop-7.0.2.jar!/:7.0.2]
	at jdk.proxy2/jdk.proxy2.$Proxy199.findByHotelIdAndStatus(Unknown Source) ~[na:na]
	at com.travolish.traveller.pricing.service.impl.BoostListingServiceImpl.getBoostsForHotel(BoostListingServiceImpl.java:81) ~[!/:0.0.1-SNAPSHOT]
	at java.base/jdk.internal.reflect.DirectMethodHandleAccessor.invoke(DirectMethodHandleAccessor.java:103) ~[na:na]
	at java.base/java.lang.reflect.Method.invoke(Method.java:580) ~[na:na]
	at org.springframework.aop.support.AopUtils.invokeJoinpointUsingReflection(AopUtils.java:359) ~[spring-aop-7.0.2.jar!/:7.0.2]
	at org.springframework.aop.framework.ReflectiveMethodInvocation.invokeJoinpoint(ReflectiveMethodInvocation.java:190) ~[spring-aop-7.0.2.jar!/:7.0.2]
	at org.springframework.aop.framework.ReflectiveMethodInvocation.proceed(ReflectiveMethodInvocation.java:158) ~[spring-aop-7.0.2.jar!/:7.0.2]
	at org.springframework.transaction.interceptor.TransactionAspectSupport.invokeWithinTransaction(TransactionAspectSupport.java:370) ~[spring-tx-7.0.2.jar!/:7.0.2]
	at org.springframework.transaction.interceptor.TransactionInterceptor.invoke(TransactionInterceptor.java:118) ~[spring-tx-7.0.2.jar!/:7.0.2]
	at org.springframework.aop.framework.ReflectiveMethodInvocation.proceed(ReflectiveMethodInvocation.java:179) ~[spring-aop-7.0.2.jar!/:7.0.2]
	at org.springframework.aop.framework.CglibAopProxy$DynamicAdvisedInterceptor.intercept(CglibAopProxy.java:719) ~[spring-aop-7.0.2.jar!/:7.0.2]
	at com.travolish.traveller.pricing.service.impl.BoostListingServiceImpl$$SpringCGLIB$$0.getBoostsForHotel(<generated>) ~[!/:0.0.1-SNAPSHOT]
	at com.travolish.traveller.pricing.controller.BoostListingController.getBoostsForHotel(BoostListingController.java:76) ~[!/:0.0.1-SNAPSHOT]
	at java.base/jdk.internal.reflect.DirectMethodHandleAccessor.invoke(DirectMethodHandleAccessor.java:103) ~[na:na]
	at java.base/java.lang.reflect.Method.invoke(Method.java:580) ~[na:na]
	at org.springframework.web.method.support.InvocableHandlerMethod.doInvoke(InvocableHandlerMethod.java:258) ~[spring-web-7.0.2.jar!/:7.0.2]
	at org.springframework.web.method.support.InvocableHandlerMethod.invokeForRequest(InvocableHandlerMethod.java:190) ~[spring-web-7.0.2.jar!/:7.0.2]
	at org.springframework.web.servlet.mvc.method.annotation.ServletInvocableHandlerMethod.invokeAndHandle(ServletInvocableHandlerMethod.java:117) ~[spring-webmvc-7.0.2.jar!/:7.0.2]
	at org.springframework.web.servlet.mvc.method.annotation.RequestMappingHandlerAdapter.invokeHandlerMethod(RequestMappingHandlerAdapter.java:934) ~[spring-webmvc-7.0.2.jar!/:7.0.2]
	at org.springframework.web.servlet.mvc.method.annotation.RequestMappingHandlerAdapter.handleInternal(RequestMappingHandlerAdapter.java:853) ~[spring-webmvc-7.0.2.jar!/:7.0.2]
	at org.springframework.web.servlet.mvc.method.AbstractHandlerMethodAdapter.handle(AbstractHandlerMethodAdapter.java:86) ~[spring-webmvc-7.0.2.jar!/:7.0.2]
	at org.springframework.web.servlet.DispatcherServlet.doDispatch(DispatcherServlet.java:963) ~[spring-webmvc-7.0.2.jar!/:7.0.2]
	at org.springframework.web.servlet.DispatcherServlet.doService(DispatcherServlet.java:866) ~[spring-webmvc-7.0.2.jar!/:7.0.2]
	at org.springframework.web.servlet.FrameworkServlet.processRequest(FrameworkServlet.java:1003) ~[spring-webmvc-7.0.2.jar!/:7.0.2]
	at org.springframework.web.servlet.FrameworkServlet.doGet(FrameworkServlet.java:892) ~[spring-webmvc-7.0.2.jar!/:7.0.2]
	at jakarta.servlet.http.HttpServlet.service(HttpServlet.java:622) ~[tomcat-embed-core-11.0.15.jar!/:na]
	at org.springframework.web.servlet.FrameworkServlet.service(FrameworkServlet.java:874) ~[spring-webmvc-7.0.2.jar!/:7.0.2]
	at jakarta.servlet.http.HttpServlet.service(HttpServlet.java:710) ~[tomcat-embed-core-11.0.15.jar!/:na]
	at org.apache.catalina.core.ApplicationFilterChain.doFilter(ApplicationFilterChain.java:128) ~[tomcat-embed-core-11.0.15.jar!/:na]
	at org.apache.tomcat.websocket.server.WsFilter.doFilter(WsFilter.java:53) ~[tomcat-embed-websocket-11.0.15.jar!/:na]
	at org.apache.catalina.core.ApplicationFilterChain.doFilter(ApplicationFilterChain.java:107) ~[tomcat-embed-core-11.0.15.jar!/:na]
	at org.springframework.web.filter.CompositeFilter$VirtualFilterChain.doFilter(CompositeFilter.java:108) ~[spring-web-7.0.2.jar!/:7.0.2]
	at org.springframework.security.web.FilterChainProxy.lambda$doFilterInternal$3(FilterChainProxy.java:235) ~[spring-security-web-7.0.2.jar!/:7.0.2]
	at org.springframework.security.web.FilterChainProxy$VirtualFilterChain.doFilter(FilterChainProxy.java:371) ~[spring-security-web-7.0.2.jar!/:7.0.2]
	at org.springframework.security.web.access.intercept.AuthorizationFilter.doFilter(AuthorizationFilter.java:101) ~[spring-security-web-7.0.2.jar!/:7.0.2]
	at org.springframework.security.web.FilterChainProxy$VirtualFilterChain.doFilter(FilterChainProxy.java:380) ~[spring-security-web-7.0.2.jar!/:7.0.2]
	at org.springframework.security.web.access.ExceptionTranslationFilter.doFilter(ExceptionTranslationFilter.java:126) ~[spring-security-web-7.0.2.jar!/:7.0.2]
	at org.springframework.security.web.access.ExceptionTranslationFilter.doFilter(ExceptionTranslationFilter.java:120) ~[spring-security-web-7.0.2.jar!/:7.0.2]
	at org.springframework.security.web.FilterChainProxy$VirtualFilterChain.doFilter(FilterChainProxy.java:380) ~[spring-security-web-7.0.2.jar!/:7.0.2]
	at org.springframework.security.web.authentication.AnonymousAuthenticationFilter.doFilter(AnonymousAuthenticationFilter.java:100) ~[spring-security-web-7.0.2.jar!/:7.0.2]
	at org.springframework.security.web.FilterChainProxy$VirtualFilterChain.doFilter(FilterChainProxy.java:380) ~[spring-security-web-7.0.2.jar!/:7.0.2]
	at org.springframework.security.web.servletapi.SecurityContextHolderAwareRequestFilter.doFilter(SecurityContextHolderAwareRequestFilter.java:181) ~[spring-security-web-7.0.2.jar!/:7.0.2]
	at org.springframework.security.web.FilterChainProxy$VirtualFilterChain.doFilter(FilterChainProxy.java:380) ~[spring-security-web-7.0.2.jar!/:7.0.2]
	at org.springframework.security.web.savedrequest.RequestCacheAwareFilter.doFilter(RequestCacheAwareFilter.java:63) ~[spring-security-web-7.0.2.jar!/:7.0.2]
	at org.springframework.security.web.FilterChainProxy$VirtualFilterChain.doFilter(FilterChainProxy.java:380) ~[spring-security-web-7.0.2.jar!/:7.0.2]
	at org.springframework.security.web.authentication.ui.DefaultLogoutPageGeneratingFilter.doFilterInternal(DefaultLogoutPageGeneratingFilter.java:60) ~[spring-security-web-7.0.2.jar!/:7.0.2]
	at org.springframework.web.filter.OncePerRequestFilter.doFilter(OncePerRequestFilter.java:116) ~[spring-web-7.0.2.jar!/:7.0.2]
	at org.springframework.security.web.FilterChainProxy$VirtualFilterChain.doFilter(FilterChainProxy.java:380) ~[spring-security-web-7.0.2.jar!/:7.0.2]
	at org.springframework.security.web.authentication.ui.DefaultLoginPageGeneratingFilter.doFilter(DefaultLoginPageGeneratingFilter.java:246) ~[spring-security-web-7.0.2.jar!/:7.0.2]
	at org.springframework.security.web.authentication.ui.DefaultLoginPageGeneratingFilter.doFilter(DefaultLoginPageGeneratingFilter.java:232) ~[spring-security-web-7.0.2.jar!/:7.0.2]
	at org.springframework.security.web.FilterChainProxy$VirtualFilterChain.doFilter(FilterChainProxy.java:380) ~[spring-security-web-7.0.2.jar!/:7.0.2]
	at org.springframework.security.web.authentication.ui.DefaultResourcesFilter.doFilter(DefaultResourcesFilter.java:73) ~[spring-security-web-7.0.2.jar!/:7.0.2]
	at org.springframework.security.web.FilterChainProxy$VirtualFilterChain.doFilter(FilterChainProxy.java:380) ~[spring-security-web-7.0.2.jar!/:7.0.2]
	at org.springframework.security.web.authentication.AbstractAuthenticationProcessingFilter.doFilter(AbstractAuthenticationProcessingFilter.java:245) ~[spring-security-web-7.0.2.jar!/:7.0.2]
	at org.springframework.security.web.authentication.AbstractAuthenticationProcessingFilter.doFilter(AbstractAuthenticationProcessingFilter.java:239) ~[spring-security-web-7.0.2.jar!/:7.0.2]
	at org.springframework.security.web.FilterChainProxy$VirtualFilterChain.doFilter(FilterChainProxy.java:380) ~[spring-security-web-7.0.2.jar!/:7.0.2]
	at org.springframework.security.oauth2.client.web.OAuth2AuthorizationRequestRedirectFilter.doFilterInternal(OAuth2AuthorizationRequestRedirectFilter.java:195) ~[spring-security-oauth2-client-7.0.2.jar!/:7.0.2]
	at org.springframework.web.filter.OncePerRequestFilter.doFilter(OncePerRequestFilter.java:116) ~[spring-web-7.0.2.jar!/:7.0.2]
	at org.springframework.security.web.FilterChainProxy$VirtualFilterChain.doFilter(FilterChainProxy.java:380) ~[spring-security-web-7.0.2.jar!/:7.0.2]
	at org.springframework.security.web.authentication.logout.LogoutFilter.doFilter(LogoutFilter.java:110) ~[spring-security-web-7.0.2.jar!/:7.0.2]
	at org.springframework.security.web.authentication.logout.LogoutFilter.doFilter(LogoutFilter.java:96) ~[spring-security-web-7.0.2.jar!/:7.0.2]
	at org.springframework.security.web.FilterChainProxy$VirtualFilterChain.doFilter(FilterChainProxy.java:380) ~[spring-security-web-7.0.2.jar!/:7.0.2]
	at org.springframework.security.web.header.HeaderWriterFilter.doHeadersAfter(HeaderWriterFilter.java:90) ~[spring-security-web-7.0.2.jar!/:7.0.2]
	at org.springframework.security.web.header.HeaderWriterFilter.doFilterInternal(HeaderWriterFilter.java:75) ~[spring-security-web-7.0.2.jar!/:7.0.2]
	at org.springframework.web.filter.OncePerRequestFilter.doFilter(OncePerRequestFilter.java:116) ~[spring-web-7.0.2.jar!/:7.0.2]
	at org.springframework.security.web.FilterChainProxy$VirtualFilterChain.doFilter(FilterChainProxy.java:380) ~[spring-security-web-7.0.2.jar!/:7.0.2]
	at org.springframework.security.web.context.SecurityContextHolderFilter.doFilter(SecurityContextHolderFilter.java:82) ~[spring-security-web-7.0.2.jar!/:7.0.2]
	at org.springframework.security.web.context.SecurityContextHolderFilter.doFilter(SecurityContextHolderFilter.java:69) ~[spring-security-web-7.0.2.jar!/:7.0.2]
	at org.springframework.security.web.FilterChainProxy$VirtualFilterChain.doFilter(FilterChainProxy.java:380) ~[spring-security-web-7.0.2.jar!/:7.0.2]
	at org.springframework.security.web.context.request.async.WebAsyncManagerIntegrationFilter.doFilterInternal(WebAsyncManagerIntegrationFilter.java:62) ~[spring-security-web-7.0.2.jar!/:7.0.2]
	at org.springframework.web.filter.OncePerRequestFilter.doFilter(OncePerRequestFilter.java:116) ~[spring-web-7.0.2.jar!/:7.0.2]
	at org.springframework.security.web.FilterChainProxy$VirtualFilterChain.doFilter(FilterChainProxy.java:380) ~[spring-security-web-7.0.2.jar!/:7.0.2]
	at org.springframework.security.web.session.DisableEncodeUrlFilter.doFilterInternal(DisableEncodeUrlFilter.java:42) ~[spring-security-web-7.0.2.jar!/:7.0.2]
	at org.springframework.web.filter.OncePerRequestFilter.doFilter(OncePerRequestFilter.java:116) ~[spring-web-7.0.2.jar!/:7.0.2]
	at org.springframework.security.web.FilterChainProxy$VirtualFilterChain.doFilter(FilterChainProxy.java:380) ~[spring-security-web-7.0.2.jar!/:7.0.2]
	at org.springframework.security.web.FilterChainProxy.doFilterInternal(FilterChainProxy.java:237) ~[spring-security-web-7.0.2.jar!/:7.0.2]
	at org.springframework.security.web.FilterChainProxy.doFilter(FilterChainProxy.java:195) ~[spring-security-web-7.0.2.jar!/:7.0.2]
	at org.springframework.web.filter.CompositeFilter$VirtualFilterChain.doFilter(CompositeFilter.java:113) ~[spring-web-7.0.2.jar!/:7.0.2]
	at org.springframework.web.filter.ServletRequestPathFilter.doFilter(ServletRequestPathFilter.java:52) ~[spring-web-7.0.2.jar!/:7.0.2]
	at org.springframework.web.filter.CompositeFilter$VirtualFilterChain.doFilter(CompositeFilter.java:113) ~[spring-web-7.0.2.jar!/:7.0.2]
	at org.springframework.web.filter.CompositeFilter.doFilter(CompositeFilter.java:74) ~[spring-web-7.0.2.jar!/:7.0.2]
	at org.springframework.security.config.annotation.web.configuration.WebSecurityConfiguration$CompositeFilterChainProxy.doFilter(WebSecurityConfiguration.java:317) ~[spring-security-config-7.0.2.jar!/:7.0.2]
	at org.springframework.web.filter.DelegatingFilterProxy.invokeDelegate(DelegatingFilterProxy.java:355) ~[spring-web-7.0.2.jar!/:7.0.2]
	at org.springframework.web.filter.DelegatingFilterProxy.doFilter(DelegatingFilterProxy.java:272) ~[spring-web-7.0.2.jar!/:7.0.2]
	at org.apache.catalina.core.ApplicationFilterChain.doFilter(ApplicationFilterChain.java:107) ~[tomcat-embed-core-11.0.15.jar!/:na]
	at org.springframework.web.filter.RequestContextFilter.doFilterInternal(RequestContextFilter.java:100) ~[spring-web-7.0.2.jar!/:7.0.2]
	at org.springframework.web.filter.OncePerRequestFilter.doFilter(OncePerRequestFilter.java:116) ~[spring-web-7.0.2.jar!/:7.0.2]
	at org.apache.catalina.core.ApplicationFilterChain.doFilter(ApplicationFilterChain.java:107) ~[tomcat-embed-core-11.0.15.jar!/:na]
	at org.springframework.web.filter.FormContentFilter.doFilterInternal(FormContentFilter.java:93) ~[spring-web-7.0.2.jar!/:7.0.2]
	at org.springframework.web.filter.OncePerRequestFilter.doFilter(OncePerRequestFilter.java:116) ~[spring-web-7.0.2.jar!/:7.0.2]
	at org.apache.catalina.core.ApplicationFilterChain.doFilter(ApplicationFilterChain.java:107) ~[tomcat-embed-core-11.0.15.jar!/:na]
	at org.springframework.web.filter.CharacterEncodingFilter.doFilterInternal(CharacterEncodingFilter.java:199) ~[spring-web-7.0.2.jar!/:7.0.2]
	at org.springframework.web.filter.OncePerRequestFilter.doFilter(OncePerRequestFilter.java:116) ~[spring-web-7.0.2.jar!/:7.0.2]
	at org.apache.catalina.core.ApplicationFilterChain.doFilter(ApplicationFilterChain.java:107) ~[tomcat-embed-core-11.0.15.jar!/:na]
	at org.apache.catalina.core.StandardWrapperValve.invoke(StandardWrapperValve.java:165) ~[tomcat-embed-core-11.0.15.jar!/:na]
	at org.apache.catalina.core.StandardContextValve.invoke(StandardContextValve.java:77) ~[tomcat-embed-core-11.0.15.jar!/:na]
	at org.apache.catalina.authenticator.AuthenticatorBase.invoke(AuthenticatorBase.java:482) ~[tomcat-embed-core-11.0.15.jar!/:na]
	at org.apache.catalina.core.StandardHostValve.invoke(StandardHostValve.java:113) ~[tomcat-embed-core-11.0.15.jar!/:na]
	at org.apache.catalina.valves.ErrorReportValve.invoke(ErrorReportValve.java:83) ~[tomcat-embed-core-11.0.15.jar!/:na]
	at org.apache.catalina.core.StandardEngineValve.invoke(StandardEngineValve.java:72) ~[tomcat-embed-core-11.0.15.jar!/:na]
	at org.apache.catalina.connector.CoyoteAdapter.service(CoyoteAdapter.java:341) ~[tomcat-embed-core-11.0.15.jar!/:na]
	at org.apache.coyote.http11.Http11Processor.service(Http11Processor.java:397) ~[tomcat-embed-core-11.0.15.jar!/:na]
	at org.apache.coyote.AbstractProcessorLight.process(AbstractProcessorLight.java:63) ~[tomcat-embed-core-11.0.15.jar!/:na]
	at org.apache.coyote.AbstractProtocol$ConnectionHandler.process(AbstractProtocol.java:903) ~[tomcat-embed-core-11.0.15.jar!/:na]
	at org.apache.tomcat.util.net.NioEndpoint$SocketProcessor.doRun(NioEndpoint.java:1778) ~[tomcat-embed-core-11.0.15.jar!/:na]
	at org.apache.tomcat.util.net.SocketProcessorBase.run(SocketProcessorBase.java:52) ~[tomcat-embed-core-11.0.15.jar!/:na]
	at org.apache.tomcat.util.threads.ThreadPoolExecutor.runWorker(ThreadPoolExecutor.java:946) ~[tomcat-embed-core-11.0.15.jar!/:na]
	at org.apache.tomcat.util.threads.ThreadPoolExecutor$Worker.run(ThreadPoolExecutor.java:480) ~[tomcat-embed-core-11.0.15.jar!/:na]
	at org.apache.tomcat.util.threads.TaskThread$WrappingRunnable.run(TaskThread.java:57) ~[tomcat-embed-core-11.0.15.jar!/:na]
	at java.base/java.lang.Thread.run(Thread.java:1583) ~[na:na]

2026-05-20T22:11:10.049+05:30 DEBUG 45004 --- [traveller-service] [io-8080-exec-10] org.hibernate.SQL                        : 
    select
        u1_0.id,
        u1_0.bio,
        u1_0.city,
        u1_0.email,
        u1_0.first_name,
        u1_0.image_key,
        u1_0.last_name,
        u1_0.password,
        u1_0.phone,
        u1_0.preferred_name,
        u1_0.provider,
        u1_0.provider_id,
        u1_0.time_zone,
        u1_0.travel_style 
    from
        users u1_0 
    where
        u1_0.email=?
2026-05-20T22:11:10.303+05:30 DEBUG 45004 --- [traveller-service] [nio-8080-exec-8] org.hibernate.SQL                        : 
    select
        u1_0.id,
        u1_0.bio,
        u1_0.city,
        u1_0.email,
        u1_0.first_name,
        u1_0.image_key,
        u1_0.last_name,
        u1_0.password,
        u1_0.phone,
        u1_0.preferred_name,
        u1_0.provider,
        u1_0.provider_id,
        u1_0.time_zone,
        u1_0.travel_style 
    from
        users u1_0 
    where
        u1_0.email=?
2026-05-20T22:11:10.531+05:30 DEBUG 45004 --- [traveller-service] [nio-8080-exec-9] org.hibernate.SQL                        : 
    select
        h1_0.id,
        h1_0.address,
        h1_0.city,
        h1_0.country,
        h1_0.created_at,
        h1_0.description,
        h1_0.email,
        h1_0.host_id,
        h1_0.name,
        h1_0.phone,
        h1_0.rating 
    from
        hotels h1_0 
    where
        h1_0.host_id=?
2026-05-20T22:11:10.742+05:30 DEBUG 45004 --- [traveller-service] [nio-8080-exec-9] org.hibernate.SQL                        : 
    select
        r1_0.hotel_id,
        r1_0.id,
        r1_0.content,
        r1_0.created_at,
        r1_0.helpful_count,
        r1_0.moderator_id,
        r1_0.moderator_notes,
        r1_0.rating,
        r1_0.review_type,
        r1_0.reviewed_at,
        r1_0.room_id,
        r1_0.status,
        r1_0.title,
        r1_0.unhelpful_count,
        r1_0.updated_at,
        r1_0.user_id 
    from
        reviews r1_0 
    where
        r1_0.hotel_id=?
2026-05-20T22:11:10.869+05:30 DEBUG 45004 --- [traveller-service] [nio-8080-exec-7] org.hibernate.SQL                        : 
    select
        h1_0.id,
        h1_0.address,
        h1_0.city,
        h1_0.country,
        h1_0.created_at,
        h1_0.description,
        h1_0.email,
        h1_0.host_id,
        h1_0.name,
        h1_0.phone,
        h1_0.rating 
    from
        hotels h1_0 
    where
        h1_0.host_id=?
2026-05-20T22:11:11.048+05:30 DEBUG 45004 --- [traveller-service] [nio-8080-exec-7] org.hibernate.SQL                        : 
    select
        r1_0.hotel_id,
        r1_0.id,
        r1_0.content,
        r1_0.created_at,
        r1_0.helpful_count,
        r1_0.moderator_id,
        r1_0.moderator_notes,
        r1_0.rating,
        r1_0.review_type,
        r1_0.reviewed_at,
        r1_0.room_id,
        r1_0.status,
        r1_0.title,
        r1_0.unhelpful_count,
        r1_0.updated_at,
        r1_0.user_id 
    from
        reviews r1_0 
    where
        r1_0.hotel_id=?
2026-05-20T22:11:11.198+05:30 DEBUG 45004 --- [traveller-service] [nio-8080-exec-1] org.hibernate.SQL                        : 
    select
        hk1_0.id,
        hk1_0.address_line1,
        hk1_0.address_line2,
        hk1_0.business_license_number,
        hk1_0.business_name,
        hk1_0.business_registration_number,
        hk1_0.business_type,
        hk1_0.city,
        hk1_0.country,
        hk1_0.created_at,
        hk1_0.date_of_birth,
        hk1_0.expiry_date,
        hk1_0.first_name,
        hk1_0.host_id,
        hk1_0.kyc_status,
        hk1_0.last_name,
        hk1_0.national_id_number,
        hk1_0.nationality,
        hk1_0.notes,
        hk1_0.phone_number,
        hk1_0.postal_code,
        hk1_0.rejection_date,
        hk1_0.rejection_reason,
        hk1_0.risk_level,
        hk1_0.risk_score,
        hk1_0.state_province,
        hk1_0.tax_id,
        hk1_0.updated_at,
        hk1_0.verification_date,
        hk1_0.verification_level 
    from
        host_kyc hk1_0 
    where
        hk1_0.host_id=?
2026-05-20T22:11:11.317+05:30 DEBUG 45004 --- [traveller-service] [nio-8080-exec-1] org.hibernate.SQL                        : 
    select
        hba1_0.id,
        hba1_0.account_holder_name,
        hba1_0.account_number,
        hba1_0.account_type,
        hba1_0.bank_name,
        hba1_0.bank_statement_url,
        hba1_0.country,
        hba1_0.created_at,
        hba1_0.currency,
        hba1_0.document_verified,
        hba1_0.host_kyc_id,
        hba1_0.iban,
        hba1_0.is_active,
        hba1_0.is_primary,
        hba1_0.last_used_date,
        hba1_0.micro_deposit_amount1,
        hba1_0.micro_deposit_amount2,
        hba1_0.micro_deposit_valid_until,
        hba1_0.micro_deposit_verified,
        hba1_0.routing_number,
        hba1_0.swift_code,
        hba1_0.updated_at,
        hba1_0.verification_attempts,
        hba1_0.verification_method,
        hba1_0.verification_status,
        hba1_0.verified_at 
    from
        host_bank_accounts hba1_0 
    where
        hba1_0.host_kyc_id=?
2026-05-20T22:11:17.538+05:30 DEBUG 45004 --- [traveller-service] [nio-8080-exec-6] org.hibernate.SQL                        : 
    select
        u1_0.id,
        u1_0.bio,
        u1_0.city,
        u1_0.email,
        u1_0.first_name,
        u1_0.image_key,
        u1_0.last_name,
        u1_0.password,
        u1_0.phone,
        u1_0.preferred_name,
        u1_0.provider,
        u1_0.provider_id,
        u1_0.time_zone,
        u1_0.travel_style 
    from
        users u1_0 
    where
        u1_0.email=?
2026-05-20T22:11:17.802+05:30 DEBUG 45004 --- [traveller-service] [nio-8080-exec-3] org.hibernate.SQL                        : 
    select
        u1_0.id,
        u1_0.bio,
        u1_0.city,
        u1_0.email,
        u1_0.first_name,
        u1_0.image_key,
        u1_0.last_name,
        u1_0.password,
        u1_0.phone,
        u1_0.preferred_name,
        u1_0.provider,
        u1_0.provider_id,
        u1_0.time_zone,
        u1_0.travel_style 
    from
        users u1_0 
    where
        u1_0.email=?
2026-05-20T22:11:18.050+05:30 DEBUG 45004 --- [traveller-service] [nio-8080-exec-4] org.hibernate.SQL                        : 
    select
        h1_0.id,
        h1_0.address,
        h1_0.city,
        h1_0.country,
        h1_0.created_at,
        h1_0.description,
        h1_0.email,
        h1_0.host_id,
        h1_0.name,
        h1_0.phone,
        h1_0.rating 
    from
        hotels h1_0 
    where
        h1_0.host_id=?
2026-05-20T22:11:18.208+05:30 DEBUG 45004 --- [traveller-service] [nio-8080-exec-4] org.hibernate.SQL                        : 
    select
        r1_0.hotel_id,
        r1_0.id,
        r1_0.content,
        r1_0.created_at,
        r1_0.helpful_count,
        r1_0.moderator_id,
        r1_0.moderator_notes,
        r1_0.rating,
        r1_0.review_type,
        r1_0.reviewed_at,
        r1_0.room_id,
        r1_0.status,
        r1_0.title,
        r1_0.unhelpful_count,
        r1_0.updated_at,
        r1_0.user_id 
    from
        reviews r1_0 
    where
        r1_0.hotel_id=?
2026-05-20T22:11:18.303+05:30 DEBUG 45004 --- [traveller-service] [nio-8080-exec-5] org.hibernate.SQL                        : 
    select
        h1_0.id,
        h1_0.address,
        h1_0.city,
        h1_0.country,
        h1_0.created_at,
        h1_0.description,
        h1_0.email,
        h1_0.host_id,
        h1_0.name,
        h1_0.phone,
        h1_0.rating 
    from
        hotels h1_0 
    where
        h1_0.host_id=?
2026-05-20T22:11:18.385+05:30 DEBUG 45004 --- [traveller-service] [nio-8080-exec-5] org.hibernate.SQL                        : 
    select
        r1_0.hotel_id,
        r1_0.id,
        r1_0.content,
        r1_0.created_at,
        r1_0.helpful_count,
        r1_0.moderator_id,
        r1_0.moderator_notes,
        r1_0.rating,
        r1_0.review_type,
        r1_0.reviewed_at,
        r1_0.room_id,
        r1_0.status,
        r1_0.title,
        r1_0.unhelpful_count,
        r1_0.updated_at,
        r1_0.user_id 
    from
        reviews r1_0 
    where
        r1_0.hotel_id=?
2026-05-20T22:11:18.733+05:30 DEBUG 45004 --- [traveller-service] [nio-8080-exec-2] org.hibernate.SQL                        : 
    select
        art1_0.id,
        art1_0.category,
        art1_0.created_at,
        art1_0.display_order,
        art1_0.host_id,
        art1_0.is_active,
        art1_0.is_global,
        art1_0.language,
        art1_0.last_used_at,
        art1_0.status,
        art1_0.template_name,
        art1_0.template_text,
        art1_0.trigger_keyword,
        art1_0.updated_at,
        art1_0.usage_count 
    from
        auto_reply_templates art1_0 
    where
        art1_0.host_id=?
2026-05-20T22:11:21.670+05:30 DEBUG 45004 --- [traveller-service] [io-8080-exec-10] org.hibernate.SQL                        : 
    select
        u1_0.id,
        u1_0.bio,
        u1_0.city,
        u1_0.email,
        u1_0.first_name,
        u1_0.image_key,
        u1_0.last_name,
        u1_0.password,
        u1_0.phone,
        u1_0.preferred_name,
        u1_0.provider,
        u1_0.provider_id,
        u1_0.time_zone,
        u1_0.travel_style 
    from
        users u1_0 
    where
        u1_0.email=?
2026-05-20T22:11:21.922+05:30 DEBUG 45004 --- [traveller-service] [nio-8080-exec-8] org.hibernate.SQL                        : 
    select
        u1_0.id,
        u1_0.bio,
        u1_0.city,
        u1_0.email,
        u1_0.first_name,
        u1_0.image_key,
        u1_0.last_name,
        u1_0.password,
        u1_0.phone,
        u1_0.preferred_name,
        u1_0.provider,
        u1_0.provider_id,
        u1_0.time_zone,
        u1_0.travel_style 
    from
        users u1_0 
    where
        u1_0.email=?
2026-05-20T22:11:22.157+05:30 DEBUG 45004 --- [traveller-service] [nio-8080-exec-9] org.hibernate.SQL                        : 
    select
        h1_0.id,
        h1_0.address,
        h1_0.city,
        h1_0.country,
        h1_0.created_at,
        h1_0.description,
        h1_0.email,
        h1_0.host_id,
        h1_0.name,
        h1_0.phone,
        h1_0.rating 
    from
        hotels h1_0 
    where
        h1_0.host_id=?
2026-05-20T22:11:22.365+05:30 DEBUG 45004 --- [traveller-service] [nio-8080-exec-9] org.hibernate.SQL                        : 
    select
        r1_0.hotel_id,
        r1_0.id,
        r1_0.content,
        r1_0.created_at,
        r1_0.helpful_count,
        r1_0.moderator_id,
        r1_0.moderator_notes,
        r1_0.rating,
        r1_0.review_type,
        r1_0.reviewed_at,
        r1_0.room_id,
        r1_0.status,
        r1_0.title,
        r1_0.unhelpful_count,
        r1_0.updated_at,
        r1_0.user_id 
    from
        reviews r1_0 
    where
        r1_0.hotel_id=?
2026-05-20T22:11:22.480+05:30 DEBUG 45004 --- [traveller-service] [nio-8080-exec-7] org.hibernate.SQL                        : 
    select
        h1_0.id,
        h1_0.address,
        h1_0.city,
        h1_0.country,
        h1_0.created_at,
        h1_0.description,
        h1_0.email,
        h1_0.host_id,
        h1_0.name,
        h1_0.phone,
        h1_0.rating 
    from
        hotels h1_0 
    where
        h1_0.host_id=?
2026-05-20T22:11:22.658+05:30 DEBUG 45004 --- [traveller-service] [nio-8080-exec-7] org.hibernate.SQL                        : 
    select
        r1_0.hotel_id,
        r1_0.id,
        r1_0.content,
        r1_0.created_at,
        r1_0.helpful_count,
        r1_0.moderator_id,
        r1_0.moderator_notes,
        r1_0.rating,
        r1_0.review_type,
        r1_0.reviewed_at,
        r1_0.room_id,
        r1_0.status,
        r1_0.title,
        r1_0.unhelpful_count,
        r1_0.updated_at,
        r1_0.user_id 
    from
        reviews r1_0 
    where
        r1_0.hotel_id=?
2026-05-20T22:11:22.805+05:30 DEBUG 45004 --- [traveller-service] [nio-8080-exec-1] org.hibernate.SQL                        : 
    select
        es1_0.id,
        es1_0.activated_at,
        es1_0.assigned_to_support_id,
        es1_0.booking_id,
        es1_0.emergency_contacts_notified,
        es1_0.emergency_description,
        es1_0.hotel_id,
        es1_0.latitude,
        es1_0.live_location_sharing,
        es1_0.local_authorities_contacted,
        es1_0.longitude,
        es1_0.resolution_notes,
        es1_0.resolved_at,
        es1_0.sos_type,
        es1_0.status,
        es1_0.updated_at,
        es1_0.user_city,
        es1_0.user_country,
        es1_0.user_id,
        es1_0.user_phone_number 
    from
        emergency_sos es1_0 
    where
        es1_0.hotel_id=? 
        and es1_0.status in ('ACTIVATED', 'ACKNOWLEDGED', 'IN_PROGRESS')
2026-05-20T22:11:22.885+05:30 DEBUG 45004 --- [traveller-service] [nio-8080-exec-6] org.hibernate.SQL                        : 
    select
        ec1_0.id,
        ec1_0.address,
        ec1_0.city,
        ec1_0.contact_name,
        ec1_0.contact_number,
        ec1_0.contact_type,
        ec1_0.country,
        ec1_0.created_at,
        ec1_0.description,
        ec1_0.email,
        ec1_0.hotel_id,
        ec1_0.is_active,
        ec1_0.label,
        ec1_0.latitude,
        ec1_0.longitude,
        ec1_0.operating_hours,
        ec1_0.response_time_minutes,
        ec1_0.updated_at,
        ec1_0.verified_at 
    from
        emergency_contacts ec1_0 
    where
        ec1_0.hotel_id=? 
        and ec1_0.is_active=true
2026-05-20T22:11:36.476+05:30 DEBUG 45004 --- [traveller-service] [nio-8080-exec-3] org.hibernate.SQL                        : 
    select
        u1_0.id,
        u1_0.bio,
        u1_0.city,
        u1_0.email,
        u1_0.first_name,
        u1_0.image_key,
        u1_0.last_name,
        u1_0.password,
        u1_0.phone,
        u1_0.preferred_name,
        u1_0.provider,
        u1_0.provider_id,
        u1_0.time_zone,
        u1_0.travel_style 
    from
        users u1_0 
    where
        u1_0.email=?
2026-05-20T22:11:36.733+05:30 DEBUG 45004 --- [traveller-service] [nio-8080-exec-4] org.hibernate.SQL                        : 
    select
        u1_0.id,
        u1_0.bio,
        u1_0.city,
        u1_0.email,
        u1_0.first_name,
        u1_0.image_key,
        u1_0.last_name,
        u1_0.password,
        u1_0.phone,
        u1_0.preferred_name,
        u1_0.provider,
        u1_0.provider_id,
        u1_0.time_zone,
        u1_0.travel_style 
    from
        users u1_0 
    where
        u1_0.email=?
2026-05-20T22:11:36.977+05:30 DEBUG 45004 --- [traveller-service] [nio-8080-exec-5] org.hibernate.SQL                        : 
    select
        h1_0.id,
        h1_0.address,
        h1_0.city,
        h1_0.country,
        h1_0.created_at,
        h1_0.description,
        h1_0.email,
        h1_0.host_id,
        h1_0.name,
        h1_0.phone,
        h1_0.rating 
    from
        hotels h1_0 
    where
        h1_0.host_id=?
2026-05-20T22:11:37.059+05:30 DEBUG 45004 --- [traveller-service] [nio-8080-exec-5] org.hibernate.SQL                        : 
    select
        r1_0.hotel_id,
        r1_0.id,
        r1_0.content,
        r1_0.created_at,
        r1_0.helpful_count,
        r1_0.moderator_id,
        r1_0.moderator_notes,
        r1_0.rating,
        r1_0.review_type,
        r1_0.reviewed_at,
        r1_0.room_id,
        r1_0.status,
        r1_0.title,
        r1_0.unhelpful_count,
        r1_0.updated_at,
        r1_0.user_id 
    from
        reviews r1_0 
    where
        r1_0.hotel_id=?
2026-05-20T22:11:37.166+05:30 DEBUG 45004 --- [traveller-service] [nio-8080-exec-2] org.hibernate.SQL                        : 
    select
        h1_0.id,
        h1_0.address,
        h1_0.city,
        h1_0.country,
        h1_0.created_at,
        h1_0.description,
        h1_0.email,
        h1_0.host_id,
        h1_0.name,
        h1_0.phone,
        h1_0.rating 
    from
        hotels h1_0 
    where
        h1_0.host_id=?
2026-05-20T22:11:37.368+05:30 DEBUG 45004 --- [traveller-service] [nio-8080-exec-2] org.hibernate.SQL                        : 
    select
        r1_0.hotel_id,
        r1_0.id,
        r1_0.content,
        r1_0.created_at,
        r1_0.helpful_count,
        r1_0.moderator_id,
        r1_0.moderator_notes,
        r1_0.rating,
        r1_0.review_type,
        r1_0.reviewed_at,
        r1_0.room_id,
        r1_0.status,
        r1_0.title,
        r1_0.unhelpful_count,
        r1_0.updated_at,
        r1_0.user_id 
    from
        reviews r1_0 
    where
        r1_0.hotel_id=?
2026-05-20T22:11:37.489+05:30  INFO 45004 --- [traveller-service] [nio-8080-exec-9] c.t.traveller.kyc.service.KYCService     : Fetching verification status for host: 17
2026-05-20T22:11:37.491+05:30 DEBUG 45004 --- [traveller-service] [nio-8080-exec-8] org.hibernate.SQL                        : 
    select
        hk1_0.id,
        hk1_0.address_line1,
        hk1_0.address_line2,
        hk1_0.business_license_number,
        hk1_0.business_name,
        hk1_0.business_registration_number,
        hk1_0.business_type,
        hk1_0.city,
        hk1_0.country,
        hk1_0.created_at,
        hk1_0.date_of_birth,
        hk1_0.expiry_date,
        hk1_0.first_name,
        hk1_0.host_id,
        hk1_0.kyc_status,
        hk1_0.last_name,
        hk1_0.national_id_number,
        hk1_0.nationality,
        hk1_0.notes,
        hk1_0.phone_number,
        hk1_0.postal_code,
        hk1_0.rejection_date,
        hk1_0.rejection_reason,
        hk1_0.risk_level,
        hk1_0.risk_score,
        hk1_0.state_province,
        hk1_0.tax_id,
        hk1_0.updated_at,
        hk1_0.verification_date,
        hk1_0.verification_level 
    from
        host_kyc hk1_0 
    where
        hk1_0.host_id=?
2026-05-20T22:11:37.492+05:30 DEBUG 45004 --- [traveller-service] [nio-8080-exec-9] org.hibernate.SQL                        : 
    select
        hk1_0.id,
        hk1_0.address_line1,
        hk1_0.address_line2,
        hk1_0.business_license_number,
        hk1_0.business_name,
        hk1_0.business_registration_number,
        hk1_0.business_type,
        hk1_0.city,
        hk1_0.country,
        hk1_0.created_at,
        hk1_0.date_of_birth,
        hk1_0.expiry_date,
        hk1_0.first_name,
        hk1_0.host_id,
        hk1_0.kyc_status,
        hk1_0.last_name,
        hk1_0.national_id_number,
        hk1_0.nationality,
        hk1_0.notes,
        hk1_0.phone_number,
        hk1_0.postal_code,
        hk1_0.rejection_date,
        hk1_0.rejection_reason,
        hk1_0.risk_level,
        hk1_0.risk_score,
        hk1_0.state_province,
        hk1_0.tax_id,
        hk1_0.updated_at,
        hk1_0.verification_date,
        hk1_0.verification_level 
    from
        host_kyc hk1_0 
    where
        hk1_0.host_id=?
2026-05-20T22:11:37.575+05:30 DEBUG 45004 --- [traveller-service] [nio-8080-exec-8] org.hibernate.SQL                        : 
    select
        hd1_0.id,
        hd1_0.ai_confidence_score,
        hd1_0.ai_verified,
        hd1_0.created_at,
        hd1_0.document_name,
        hd1_0.document_number,
        hd1_0.document_type,
        hd1_0.expiry_date,
        hd1_0.file_name,
        hd1_0.file_size,
        hd1_0.file_type,
        hd1_0.file_url,
        hd1_0.host_kyc_id,
        hd1_0.issued_date,
        hd1_0.issuing_country,
        hd1_0.updated_at,
        hd1_0.verification_notes,
        hd1_0.verification_status,
        hd1_0.verified_at,
        hd1_0.verified_by 
    from
        host_documents hd1_0 
    where
        hd1_0.host_kyc_id=?
2026-05-20T22:11:37.582+05:30  INFO 45004 --- [traveller-service] [io-8080-exec-10] c.t.traveller.kyc.service.KYCService     : Fetching KYC profile for host: 17
2026-05-20T22:11:37.582+05:30 DEBUG 45004 --- [traveller-service] [io-8080-exec-10] org.hibernate.SQL                        : 
    select
        hk1_0.id,
        hk1_0.address_line1,
        hk1_0.address_line2,
        hk1_0.business_license_number,
        hk1_0.business_name,
        hk1_0.business_registration_number,
        hk1_0.business_type,
        hk1_0.city,
        hk1_0.country,
        hk1_0.created_at,
        hk1_0.date_of_birth,
        hk1_0.expiry_date,
        hk1_0.first_name,
        hk1_0.host_id,
        hk1_0.kyc_status,
        hk1_0.last_name,
        hk1_0.national_id_number,
        hk1_0.nationality,
        hk1_0.notes,
        hk1_0.phone_number,
        hk1_0.postal_code,
        hk1_0.rejection_date,
        hk1_0.rejection_reason,
        hk1_0.risk_level,
        hk1_0.risk_score,
        hk1_0.state_province,
        hk1_0.tax_id,
        hk1_0.updated_at,
        hk1_0.verification_date,
        hk1_0.verification_level 
    from
        host_kyc hk1_0 
    where
        hk1_0.host_id=?
2026-05-20T22:11:37.596+05:30 DEBUG 45004 --- [traveller-service] [nio-8080-exec-9] org.hibernate.SQL                        : 
    select
        hd1_0.id,
        hd1_0.ai_confidence_score,
        hd1_0.ai_verified,
        hd1_0.created_at,
        hd1_0.document_name,
        hd1_0.document_number,
        hd1_0.document_type,
        hd1_0.expiry_date,
        hd1_0.file_name,
        hd1_0.file_size,
        hd1_0.file_type,
        hd1_0.file_url,
        hd1_0.host_kyc_id,
        hd1_0.issued_date,
        hd1_0.issuing_country,
        hd1_0.updated_at,
        hd1_0.verification_notes,
        hd1_0.verification_status,
        hd1_0.verified_at,
        hd1_0.verified_by 
    from
        host_documents hd1_0 
    where
        hd1_0.host_kyc_id=?
2026-05-20T22:11:37.693+05:30 DEBUG 45004 --- [traveller-service] [io-8080-exec-10] org.hibernate.SQL                        : 
    select
        ba1_0.host_kyc_id,
        ba1_0.id,
        ba1_0.account_holder_name,
        ba1_0.account_number,
        ba1_0.account_type,
        ba1_0.bank_name,
        ba1_0.bank_statement_url,
        ba1_0.country,
        ba1_0.created_at,
        ba1_0.currency,
        ba1_0.document_verified,
        ba1_0.iban,
        ba1_0.is_active,
        ba1_0.is_primary,
        ba1_0.last_used_date,
        ba1_0.micro_deposit_amount1,
        ba1_0.micro_deposit_amount2,
        ba1_0.micro_deposit_valid_until,
        ba1_0.micro_deposit_verified,
        ba1_0.routing_number,
        ba1_0.swift_code,
        ba1_0.updated_at,
        ba1_0.verification_attempts,
        ba1_0.verification_method,
        ba1_0.verification_status,
        ba1_0.verified_at 
    from
        host_bank_accounts ba1_0 
    where
        ba1_0.host_kyc_id=?
2026-05-20T22:11:37.703+05:30 DEBUG 45004 --- [traveller-service] [nio-8080-exec-9] org.hibernate.SQL                        : 
    select
        hba1_0.id,
        hba1_0.account_holder_name,
        hba1_0.account_number,
        hba1_0.account_type,
        hba1_0.bank_name,
        hba1_0.bank_statement_url,
        hba1_0.country,
        hba1_0.created_at,
        hba1_0.currency,
        hba1_0.document_verified,
        hba1_0.host_kyc_id,
        hba1_0.iban,
        hba1_0.is_active,
        hba1_0.is_primary,
        hba1_0.last_used_date,
        hba1_0.micro_deposit_amount1,
        hba1_0.micro_deposit_amount2,
        hba1_0.micro_deposit_valid_until,
        hba1_0.micro_deposit_verified,
        hba1_0.routing_number,
        hba1_0.swift_code,
        hba1_0.updated_at,
        hba1_0.verification_attempts,
        hba1_0.verification_method,
        hba1_0.verification_status,
        hba1_0.verified_at 
    from
        host_bank_accounts hba1_0 
    where
        hba1_0.host_kyc_id=?
2026-05-20T22:11:37.804+05:30 DEBUG 45004 --- [traveller-service] [io-8080-exec-10] org.hibernate.SQL                        : 
    select
        d1_0.host_kyc_id,
        d1_0.id,
        d1_0.ai_confidence_score,
        d1_0.ai_verified,
        d1_0.created_at,
        d1_0.document_name,
        d1_0.document_number,
        d1_0.document_type,
        d1_0.expiry_date,
        d1_0.file_name,
        d1_0.file_size,
        d1_0.file_type,
        d1_0.file_url,
        d1_0.issued_date,
        d1_0.issuing_country,
        d1_0.updated_at,
        d1_0.verification_notes,
        d1_0.verification_status,
        d1_0.verified_at,
        d1_0.verified_by 
    from
        host_documents d1_0 
    where
        d1_0.host_kyc_id=?
2026-05-20T22:11:51.826+05:30  INFO 45004 --- [traveller-service] [nio-8080-exec-7] c.t.t.n.c.NotificationController         : Fetching notifications for user: 1 (page: 0, size: 50)
2026-05-20T22:11:51.935+05:30 DEBUG 45004 --- [traveller-service] [nio-8080-exec-7] org.hibernate.SQL                        : 
    select
        n1_0.id,
        n1_0.booking_id,
        n1_0.channel,
        n1_0.created_at,
        n1_0.error_message,
        n1_0.hotel_id,
        n1_0.is_read,
        n1_0.max_retries,
        n1_0.message,
        n1_0.read_time,
        n1_0.recipient_email,
        n1_0.recipient_phone,
        n1_0.retry_count,
        n1_0.scheduled_time,
        n1_0.sent_time,
        n1_0.status,
        n1_0.subject,
        n1_0.template_id,
        n1_0.notification_type,
        n1_0.updated_at,
        n1_0.user_id 
    from
        notifications n1_0 
    where
        n1_0.user_id=? 
    fetch
        first ? rows only
2026-05-20T22:11:52.141+05:30  INFO 45004 --- [traveller-service] [nio-8080-exec-1] c.t.t.n.c.NotificationController         : Fetching notifications for user: 1 (page: 0, size: 50)
2026-05-20T22:11:52.145+05:30 DEBUG 45004 --- [traveller-service] [nio-8080-exec-1] org.hibernate.SQL                        : 
    select
        n1_0.id,
        n1_0.booking_id,
        n1_0.channel,
        n1_0.created_at,
        n1_0.error_message,
        n1_0.hotel_id,
        n1_0.is_read,
        n1_0.max_retries,
        n1_0.message,
        n1_0.read_time,
        n1_0.recipient_email,
        n1_0.recipient_phone,
        n1_0.retry_count,
        n1_0.scheduled_time,
        n1_0.sent_time,
        n1_0.status,
        n1_0.subject,
        n1_0.template_id,
        n1_0.notification_type,
        n1_0.updated_at,
        n1_0.user_id 
    from
        notifications n1_0 
    where
        n1_0.user_id=? 
    fetch
        first ? rows only
2026-05-20T22:12:06.951+05:30  INFO 45004 --- [traveller-service] [MessageBroker-1] o.s.w.s.c.WebSocketMessageBrokerStats    : WebSocketSession[0 current WS(0)-HttpStream(0)-HttpPoll(0), 0 total, 0 closed abnormally (0 connect failure, 0 send limit, 0 transport error)], stompSubProtocol[processed CONNECT(0)-CONNECTED(0)-DISCONNECT(0)], stompBrokerRelay[null], inboundChannel[pool size = 0, active threads = 0, queued tasks = 0, completed tasks = 0], outboundChannel[pool size = 0, active threads = 0, queued tasks = 0, completed tasks = 0], sockJsScheduler[pool size = 10, active threads = 1, queued tasks = 0, completed tasks = 9]
